step,time_sec,nn_steer,expert_steer,cte_m,cte_ft,speed_mph,x,y,yaw
0,0.0,0.0017557945102453232,0.0003784273834750167,-0.001726065301732927,-0.0056629440845374565,19.472020143576497,28.232616424560547,45.370086669921875,-0.0520934984087944
1,0.2,-0.004672559909522533,-0.0006300989712741946,-0.001230718227589444,-0.0040377895898045515,18.62730158475518,29.934791564941406,45.36897659301758,-0.0038757326547056437
2,0.4,0.0036338577046990395,0.0025955981025845474,-0.0029641745269336837,-0.009724982354945106,17.950421951901234,31.56393814086914,45.3657112121582,-0.09765625
3,0.6,0.0033573564141988754,0.0014198107668595068,-0.0037792187026476124,-0.012399011888394392,17.971871287061983,33.16289138793945,45.3633918762207,-0.0534362718462944
4,0.8,-0.0021902546286582947,-0.0019836586040557166,-0.0014084317392900488,-0.004620839187532364,18.808293443612435,34.804542541503906,45.36421585083008,0.05788934603333473
5,1.0,-0.003402974922209978,-0.0019229988250679167,0.0006514926081079197,0.0021374430083847874,19.739245135829172,36.53327178955078,45.364646911621094,0.03202147036790848
6,1.2,-0.005705805495381355,0.0005325322040452134,-0.00032295385882463035,-0.0010595599381862002,20.077210865972848,38.32004165649414,45.36198806762695,-0.0773315355181694
7,1.4,-0.004989561624825001,0.0053148600319889855,-0.00651814124303687,-0.021384978515805085,19.822309825165718,40.106239318847656,45.3541145324707,-0.2622070014476776
8,1.6,0.007809513248503208,0.010681289506559414,-0.01829566876258317,-0.06002516190303337,19.391401846151734,41.85761260986328,45.3406867980957,-0.4508667290210724
9,1.8,-0.011698560789227486,0.019989191851304374,-0.02710810612306465,-0.08893735889279542,19.16251084418539,43.57773971557617,45.33025360107422,-0.3088073432445526
10,2.0,0.007268252782523632,0.02861585206897219,-0.04112744133457222,-0.1349325546281179,19.312582555096693,45.29506301879883,45.31461715698242,-0.5318604111671448
11,2.2,0.005723007023334503,0.02856151950462591,-0.05455895482646796,-0.17899920135286915,19.70388486522244,47.03951644897461,45.29954528808594,-0.4548645317554474
12,2.4,0.016711920499801636,0.023554196009029922,-0.06191614071255761,-0.2031369510953875,20.01519888721426,48.81773376464844,45.2905158996582,-0.238677978515625
13,2.6,-0.014784730970859528,0.009376550609583378,-0.05567154328870519,-0.18264942608331552,20.058802288384037,50.61150360107422,45.29507064819336,0.2603115439414978
14,2.8,-0.010903039947152138,0.011320446287264615,-0.052224550498547774,-0.1713403942576555,19.90262521511,52.39834213256836,45.29682922363281,0.05550437048077583
15,3.0,0.00035526789724826813,0.02000195544599914,-0.06073441580996477,-0.1992599007659648,19.732818861977606,54.16907501220703,45.28665542602539,-0.3678588569164276
16,3.2,0.026060227304697037,0.023025252150292174,-0.07362832775271186,-0.24156276282420716,19.690268739975494,55.929954528808594,45.27210235595703,-0.4786681830883026
17,3.4,-0.0026696952991187572,0.02972012836205106,-0.06994812071940447,-0.22948859238105096,19.78869826388463,57.69409942626953,45.27412033081055,0.18725940585136414
18,3.6,-0.008338171057403088,0.015094088669351203,-0.0582579369883566,-0.19113496998887988,19.945538608190898,59.470882415771484,45.28413772583008,0.38012027740478516
19,3.8,0.005008615553379059,0.015799063017046776,-0.05192988735233593,-0.17037365162103782,20.038234009844693,61.25936508178711,45.28878402709961,0.14955878257751465
20,4.0,0.008482259698212147,0.010388707397833133,-0.04515580998187797,-0.14814898762094453,20.023822214703287,63.0510139465332,45.29387283325195,0.19314178824424744
21,4.2,-0.009820823557674885,-0.0013130142860254246,-0.031169621817143917,-0.10226254204255844,19.948783673113073,64.83789825439453,45.306175231933594,0.4607812464237213
22,4.4,-0.018884532153606415,-0.0014510008600420025,-0.020321784687901624,-0.06667252407545517,19.888856928967254,66.61819458007812,45.31534194946289,0.2969345450401306
23,4.6,-0.0014282139018177986,0.011124411241361366,-0.025394380871007323,-0.08331490053683567,19.889104411714357,68.39578247070312,45.30859375,-0.2870482802391052
24,4.8,0.016993984580039978,0.017932678437203396,-0.03918612143096514,-0.12856339463556768,19.94216459399046,70.17619323730469,45.293128967285156,-0.523284912109375
25,5.0,0.007633895613253117,0.010216256243158169,-0.04337280904707671,-0.14229924683401116,19.99776738311503,71.96194458007812,45.28725814819336,-0.1080322265625
26,5.2,-0.008370771072804928,0.010531474107961583,-0.03619694283838032,-0.11875637794187169,20.022330697455725,73.7514419555664,45.29275131225586,0.26464828848838806
27,5.4,-0.007631492801010609,0.00950271267929635,-0.030756641158642694,-0.10090761857892129,20.0066103864319,75.54106903076172,45.2965087890625,0.13583268225193024
28,5.6,0.010613263584673405,0.01599694484026285,-0.03298886309045264,-0.10823118158168063,19.97519910817776,77.32830810546875,45.29259490966797,-0.1444701999425888
29,5.8,0.004935490898787975,0.00919457904069389,-0.03138663232219574,-0.10297451878795268,19.955200667883965,79.11309051513672,45.29251480102539,0.0473654568195343
30,6.0,-0.019035208970308304,9.215155283579536e-05,-0.022843660946586675,-0.07494639657999942,19.963062117383092,80.89742279052734,45.299373626708984,0.2803945243358612
31,6.2,-0.017274990677833557,0.00944995938495876,-0.024708352565832585,-0.08106415143208617,19.984486660456817,82.68315124511719,45.29582977294922,-0.15643310546875
32,6.4,0.014341012574732304,0.026939970792869763,-0.045249129181383234,-0.14845515298344936,20.005059374360076,84.47077941894531,45.27360916137695,-0.79833984375
33,6.6,0.037372179329395294,0.026187568172175553,-0.06397565571322111,-0.20989389029016436,20.007328362317086,86.25946044921875,45.25319290161133,-0.6153564453125
34,6.8,-1.3080425560474396e-05,0.0019743503021519533,-0.05344849438384514,-0.17535595831429449,19.9914162105174,88.04744720458984,45.26203536987305,0.4867139756679535
35,7.0,-0.010246477089822292,-0.010605507179870194,-0.027799091226105084,-0.09120437045825461,19.98634699574212,89.83440399169922,45.2859992980957,0.8781977295875549
36,7.2,-0.009507394395768642,-0.01547432686940623,-0.006671573111412533,-0.021888363926846694,19.98872347995819,91.62123107910156,45.30544662475586,0.6343033909797668
37,7.4,-0.01108643040060997,-0.010735374190552191,0.004894297827736085,0.016057408085149657,19.996311590628267,93.40866088867188,45.315330505371094,0.28219932317733765
38,7.6,-0.005648763384670019,-0.0004724401018972693,0.004777737730866427,0.01567499305693581,20.002412330529594,95.1967544555664,45.31352996826172,-0.1109618991613388
39,7.8,0.0016029058024287224,0.008886382938646483,-0.004343779947246477,-0.014251247002124132,20.00365990548755,96.98518371582031,45.30272674560547,-0.3793029487133026
40,8.0,0.005935302935540676,0.012305028898530175,-0.015521524074193062,-0.05092363704357556,20.000257808543225,98.77348327636719,45.28986740112305,-0.4033202826976776
41,8.2,0.011810672469437122,0.010035474863647777,-0.022694976736901594,-0.07445858747749623,19.996042587706334,100.56143188476562,45.281009674072266,-0.2359924167394638
42,8.4,-0.0025573638267815113,0.0013131139989212256,-0.019639898809224707,-0.06443536560925679,19.993997092228533,102.34912872314453,45.28237533569336,0.13342227041721344
43,8.6,-0.0044084154069423676,-0.0015261512267150292,-0.013259168018290773,-0.0435012088011291,19.996592592567197,104.1368408203125,45.28707504272461,0.19244304299354553
44,8.8,0.001650308258831501,0.00012502712237079307,-0.010074240467583475,-0.03305197109566657,20.00034409470188,105.92487335205078,45.28858184814453,0.058205559849739075
45,9.0,0.004695667885243893,0.0008473402628230699,-0.007374974900716874,-0.02419611265326795,20.00218665583464,107.71314239501953,45.28959274291992,0.05439412221312523
46,9.2,0.005541586317121983,-0.005929463672260487,-0.0011270015203689908,-0.0036975116680873998,20.001410128427985,109.50144958496094,45.29415512084961,0.19115379452705383
47,9.4,-0.0036782315000891685,-0.015207407215555949,0.010711192354354599,0.035141708323860744,19.99939821994827,111.28963470458984,45.3043098449707,0.3850610852241516
48,9.6,-0.0023491857573390007,-0.017554032021827374,0.02256808782631203,0.07404228526407756,19.998126400448626,113.07762145996094,45.31447982788086,0.34940820932388306
49,9.8,-0.006777280941605568,-0.01705659912840765,0.03181408377025941,0.10437691859681789,19.9982781822568,114.86558532714844,45.322044372558594,0.2534034848213196
50,10.0,0.024648606777191162,-0.012501911981393648,0.03548646128738797,0.11642540165011395,19.99930150297188,116.6535873413086,45.324031829833984,0.05032041296362877
51,10.2,-0.014025919139385223,-0.02718674083435043,0.052742874826253415,0.17304093344496524,19.99418351246214,118.4412841796875,45.33960723876953,0.6169610023498535
52,10.4,-0.009319053031504154,-0.027232289985597236,0.06992178528266048,0.2294021900267638,19.994995777596102,120.2287826538086,45.355106353759766,0.5024615526199341
53,10.6,-0.01827818900346756,-0.019989544465994942,0.07646874359808385,0.2508817127463374,20.000667268167298,122.0167236328125,45.35997009277344,0.12919895350933075
54,10.8,0.027887769043445587,-0.006505972184060854,0.06679496321090114,0.2191435871008529,20.003563137056663,123.80497741699219,45.34860610961914,-0.4496459364891052
55,11.0,0.0016381042078137398,-0.03658558923763802,0.06769378720543066,0.22209248481506513,19.994652864260953,125.5929183959961,45.34782028198242,0.07642653584480286
56,11.2,-0.007260301150381565,-0.045434580239501636,0.0794528891309304,0.2606722167763217,19.997435795830917,127.38069152832031,45.35789489746094,0.3947283923625946
57,11.4,-0.021990567445755005,-0.04043190199367336,0.08809416783539907,0.2890228696010907,20.002162190499835,129.16880798339844,45.36485290527344,0.23841220140457153
58,11.6,0.009372011758387089,-0.019122845147342003,0.07975183123505564,0.2616529979892199,20.002759737798836,130.95706176757812,45.35483169555664,-0.4053344428539276
59,11.8,0.026521719992160797,-0.013667545049632981,0.06868423557639765,0.22534198744846845,20.000719925493225,132.74530029296875,45.342079162597656,-0.3928832411766052
60,12.0,-0.012591393664479256,-0.03007926238596575,0.07770455363296744,0.25493620774118486,19.996024835930243,134.5332489013672,45.34941482543945,0.37761592864990234
61,12.2,-0.02790650725364685,-0.029484655844464525,0.08880747981271755,0.29136313206875625,19.99660497597681,136.3209686279297,45.35883331298828,0.3284189701080322
62,12.4,-0.013625522144138813,-0.009287719285790363,0.07785760775722347,0.25543835383420904,19.997929158636378,138.108642578125,45.34619903564453,-0.5081482529640198
63,12.6,0.02290184423327446,0.009777665136058723,0.04659085398844924,0.1528571373994638,20.00350510004686,139.89651489257812,45.31324768066406,-1.1566773653030396
64,12.8,0.01521236915141344,0.00644933099697707,0.023449603070646727,0.0769343957383006,19.99989216125907,141.68460083007812,45.288421630859375,-0.7214050889015198
65,13.0,-0.002620495855808258,-0.007069010822511498,0.01817764402921556,0.059637941636811576,20.001379645365805,143.47283935546875,45.28146743774414,-0.0992126390337944
66,13.2,-0.0017175022512674332,-0.008628556840466619,0.018061083465811704,0.05925552507797367,20.0032211218506,145.26124572753906,45.27967071533203,0.0027825520373880863
67,13.4,-0.0024463823065161705,-0.005961671663299036,0.01707210041385011,0.056010829921775994,20.00342975467379,147.0496826171875,45.27699661254883,-0.0592956505715847
68,13.6,-0.00293030496686697,-0.0025501014018608063,0.014026967693854517,0.046020236688705654,20.002149201615115,148.8380889892578,45.27226638793945,-0.1419677734375
69,13.8,0.00809707771986723,0.0016872774591475289,0.007926368924182628,0.026005148221215333,20.000514107191652,150.62632751464844,45.26448059082031,-0.2449951171875
70,14.0,-0.0005522835999727249,-0.0012960251086971473,0.005910681963689306,0.019392001813750424,19.998779698952475,152.41444396972656,45.26078414916992,-0.0661621019244194
71,14.2,-0.011930576525628567,-0.0025835475944459905,0.006531169765657631,0.021427723013960183,19.999619006718884,154.20252990722656,45.25971984863281,0.0013240313855931163
72,14.4,-0.0013902289792895317,0.004761761716528549,-0.000712739279641881,-0.002338383538220269,20.000363908949286,155.9906463623047,45.250789642333984,-0.3101501166820526
73,14.6,0.01599644124507904,0.009838170734522783,-0.013513784037333483,-0.044336563221045185,20.001369954685494,157.77877807617188,45.23630905151367,-0.4700622856616974
74,14.8,0.008343729190528393,0.008674556356571494,-0.016799501369528652,-0.055116476073204385,19.999158419472572,159.56690979003906,45.23133850097656,-0.0761108249425888
75,15.0,-0.0052155256271362305,-0.005469435266492546,-0.008446582510678577,-0.027711885764334702,20.000015622400845,161.35504150390625,45.238006591796875,0.30516064167022705
76,15.2,-0.012898176908493042,-0.0077726415145136455,0.0005586780456041647,0.0018329332791399678,20.00108326627148,163.14320373535156,45.24532699584961,0.26510682702064514
77,15.4,0.004844605922698975,0.0015749632689781295,-0.0003583878440517077,-0.0011758131742786047,20.00090926674052,164.93138122558594,45.24272537231445,-0.11889645457267761
78,15.6,6.0502439737319946e-05,0.0025601319152126246,-0.003220356328015073,-0.010565473855204973,19.99993285358783,166.71951293945312,45.238182067871094,-0.1289978176355362
79,15.8,-0.0014125499874353409,0.0019644165908275888,-0.004915359983852755,-0.01612650964942347,20.000162777110777,168.50762939453125,45.23480224609375,-0.0852355882525444
80,16.0,0.0011687306687235832,0.003118768001522369,-0.007571652546620697,-0.024841380541055048,20.000668648919067,170.29576110839844,45.23046112060547,-0.1192016452550888
81,16.2,0.005921205505728722,0.0031394715487996225,-0.009952002578168067,-0.03265092813855692,20.00083667480192,172.08387756347656,45.22639465332031,-0.103271484375
82,16.4,0.000723397359251976,-0.0004083389366154264,-0.007940406587759513,-0.02605120354938492,20.00034043672511,173.87200927734375,45.22672653198242,0.06226733699440956
83,16.6,0.0006067147478461266,-0.0038971158356050843,-0.0030436162946866152,-0.009985618084259634,20.000311640459422,175.66012573242188,45.22993850708008,0.14310549199581146
84,16.8,-0.0111004039645195,-0.007095863410274343,0.0029060443536231425,0.009534266557140951,20.000280026414618,177.44825744628906,45.23420333862305,0.1699855476617813
85,17.0,-0.0007813898846507072,0.0006949851020010663,0.0018166922790530515,0.0059602766968084135,19.999595745413927,179.23638916015625,45.23143005371094,-0.11199948936700821
86,17.2,0.010598425753414631,0.005893352345040279,-0.004157498550241085,-0.013640087543572961,19.999672244452913,181.02450561523438,45.22377395629883,-0.247039794921875
87,17.4,-0.002021745778620243,-0.00023564826267876655,-0.003937498140856255,-0.012918301400446836,19.999048260177894,182.81263732910156,45.22230911254883,0.013944078236818314
88,17.6,-0.008959886617958546,-0.0022257935276706175,-0.0011540491948299192,-0.003786250760365792,20.000207444237887,184.6007537841797,45.22340774536133,0.06989467889070511
89,17.8,0.004732011817395687,0.003637350105241978,-0.004667931209886298,-0.01531473543064336,20.00082237813777,186.38888549804688,45.21820831298828,-0.1781921088695526
90,18.0,0.010039913468062878,0.003746655307818756,-0.008457919786385075,-0.02774908155196361,20.000331714653225,188.177001953125,45.212738037109375,-0.1485595554113388
91,18.2,-0.011472080834209919,-0.002884806386429973,-0.004110431278435527,-0.013485667355542413,19.999555131432352,189.9651336669922,45.21540069580078,0.15634901821613312
92,18.4,-0.013697951100766659,0.0013345254210207864,-0.0034212502015943235,-0.01122457451139872,19.998833160308372,191.7532501220703,45.21440505981445,-0.03570556640625
93,18.6,0.006551844999194145,0.019504845933837663,-0.015858623493706214,-0.05202960630309109,19.999344262539033,193.54116821289062,45.20028305053711,-0.5045470595359802
94,18.8,0.023383785039186478,0.02309737118687945,-0.029757957991677665,-0.09763109889741575,19.999486637024436,195.32923889160156,45.18470001220703,-0.4822082221508026
95,19.0,-0.010626333765685558,0.004385086542309384,-0.02639369938513229,-0.08659350469071743,19.996961972665503,197.11724853515625,45.18638229370117,0.18326212465763092
96,19.2,-0.005986162461340427,0.004804475683489302,-0.020883373696900184,-0.068515007759738,19.998172366714424,198.9050750732422,45.190242767333984,0.15136772394180298
97,19.4,0.014519243501126766,0.01436201528297287,-0.022424833128910027,-0.07357228952265317,20.00162421060157,200.6931915283203,45.187255859375,-0.100494384765625
98,19.6,0.011915347538888454,0.01141732847369665,-0.021493605593094132,-0.07051708097404695,20.00110132753576,202.4814453125,45.191566467285156,0.20933082699775696
99,19.8,0.002716583199799061,0.004165023893830924,-0.013592679773267566,-0.04459540750732716,20.00143901453842,204.26962280273438,45.20918273925781,0.665513277053833
100,20.0,-0.003252204041928053,0.0014878899924480298,-0.004933649406189214,-0.016186514317801822,20.00179662313772,206.05775451660156,45.23402786254883,0.8681429028511047
101,20.2,0.0578884556889534,0.0019485274683861743,-0.004070179598071048,-0.013353608032535417,20.0012669291523,207.8458709716797,45.25876235961914,0.819175660610199
102,20.4,-0.09046865254640579,-0.05473317540284917,0.02800347005184167,0.09187490468488423,19.972577265771918,209.6312255859375,45.32088851928711,2.269315004348755
103,20.6,-0.021632276475429535,-0.021300585485256443,0.03498799285315761,0.11479000647235361,19.915293518584942,211.41256713867188,45.35530090332031,0.8403174877166748
104,20.8,0.021595604717731476,0.023475202028623066,0.0009166873589739914,0.0030075045548162297,19.971799617994595,213.19525146484375,45.343055725097656,-0.5789794921875
105,21.0,0.018108025193214417,0.019165567572899948,-0.024321872156056818,-0.07979617104447745,20.034237042767884,214.9838409423828,45.33351516723633,-0.2898559272289276
106,21.2,0.08310618996620178,5.973920388607512e-05,-0.025462374443242865,-0.08353797656836892,20.065294049384793,216.77694702148438,45.341835021972656,0.38848987221717834
107,21.4,0.17156006395816803,-0.06569124682189267,0.04021877299378401,0.13195135918892634,20.00293462410038,218.56629943847656,45.41033172607422,2.6413462162017822
108,21.6,0.18542921543121338,-0.20342830577357096,0.24661655764382567,0.8091094669801691,19.840228582896213,220.332275390625,45.61587142944336,7.58173942565918
109,21.8,-0.08828739821910858,-0.35698727186158674,0.6363382492529269,2.0877239816789728,19.80873220204571,222.05776977539062,46.0047492980957,13.867424964904785
110,22.0,-0.052282631397247314,-0.3983813364557256,1.0777454881455995,3.5359105073276087,19.91520944285736,223.77755737304688,46.44532012939453,14.451437950134277
111,22.2,0.020092058926820755,-0.6481032275406661,1.467614213572945,4.815007416458661,20.112675637130533,225.52468872070312,46.8343391418457,12.389477729797363
112,22.4,-0.17217469215393066,-0.6385461264098633,1.8544495498761995,6.08415226121583,20.19435751072892,227.2860565185547,47.22031784057617,12.337265014648438
113,22.6,-0.07426125556230545,-0.5915014645265361,2.153687533296656,7.065904206741,19.95115097655114,229.05316162109375,47.51869583129883,8.830506324768066
114,22.8,-0.08849848061800003,-0.5373060463055628,2.335529451440755,7.6624984454648875,19.92462222159226,230.8250732421875,47.69967269897461,5.231928825378418
115,23.0,-0.05960319936275482,-0.48254936520931563,2.4224467485335652,7.947660190458862,19.95708730607201,232.6042938232422,47.78572463989258,2.1343884468078613
116,23.2,-0.056937698274850845,-0.42906764285933413,2.4279552168340555,7.965732593597843,20.049829253213957,234.3926239013672,47.79036331176758,-0.3390808403491974
117,23.4,-0.2473433017730713,-0.37359664279377247,2.3649724212321903,7.759096118475419,20.100163086971794,236.18653869628906,47.72650909423828,-2.471008777618408
118,23.6,-0.07245443761348724,-0.24775403022130296,2.148920820375555,7.0502653843209355,19.789420060945222,237.9518280029297,47.50959396362305,-8.209329605102539
119,23.8,0.08144771307706833,-0.38419787090412033,1.7829393888539438,5.849538864527573,19.90591665323522,239.6863555908203,47.14276885986328,-12.665789604187012
120,24.0,0.033131811767816544,-0.26060859345733933,1.4206220922788888,4.66083378523227,20.013092853944805,241.43289184570312,46.77960205078125,-11.685961723327637
121,24.2,0.015518049709498882,-0.16161083398261142,1.1002233336511964,3.609656721976191,20.151701479720305,243.2005615234375,46.458343505859375,-10.067792892456055
122,24.4,0.04327044263482094,-0.060892472123227216,0.803619087801094,2.6365456480213414,20.17569851392358,244.97984313964844,46.16087341308594,-9.275555610656738
123,24.6,0.12215756624937057,0.0037233077880848508,0.5457416735028342,1.7904911120950386,20.08022760596533,246.76089477539062,45.90212631225586,-7.970497131347656
124,24.8,0.03125864267349243,-0.013438140282484266,0.38377200847976684,1.2590945563007583,19.89541969888427,248.53829956054688,45.73929214477539,-4.556155204772949
125,25.0,-0.002055737189948559,-0.025951734021862478,0.29456706178785313,0.9664273989960601,19.90394691388586,250.31442260742188,45.64922332763672,-2.469696283340454
126,25.2,-0.012758851051330566,-0.01177654849460438,0.22354083823671045,0.7334017237205291,19.99900093748047,252.0966339111328,45.57733154296875,-2.130737543106079
127,25.4,0.02339416742324829,0.012377695270848078,0.14731820938438253,0.4833274740766576,20.09032605079885,253.8876953125,45.5002326965332,-2.462188720703125
128,25.6,0.08048981428146362,0.011757079510172058,0.08252183760126687,0.2707409456757404,20.10294964209047,255.6839141845703,45.43456268310547,-1.9854127168655396
129,25.8,-0.0362655445933342,-0.042962362831509365,0.0780456338199346,0.25605523726179424,20.014528529014164,257.4767761230469,45.42921447753906,0.25688597559928894
130,26.0,-0.12189096212387085,-0.04138218973849863,0.08571961794601916,0.2812323513420175,19.95061470795481,259.2625732421875,45.43601989746094,0.2573041617870331
131,26.2,0.06863629817962646,0.0643892499355752,0.009775190380193019,0.032070835606952466,19.880558761027167,261.0389099121094,45.35921096801758,-2.976989984512329
132,26.4,0.062370285391807556,0.08651932564886897,-0.08083471724189226,-0.26520577371588977,19.902751768728127,262.8137512207031,45.26773452758789,-2.851806879043579
133,26.6,0.04062943160533905,0.044077306176125514,-0.1099425159837635,-0.36070380414017067,20.027202894952033,264.59857177734375,45.23775863647461,-0.6553954482078552
134,26.8,-0.002312205731868744,0.000958056313174759,-0.08705439174680307,-0.2856115306185814,20.126429768299616,266.3945007324219,45.25977325439453,1.0654298067092896
135,27.0,-0.04990965127944946,-0.017412724102722186,-0.04504130853308941,-0.14777332668770105,20.126478091720276,268.1943359375,45.30091094970703,1.4635837078094482
136,27.2,-0.0063817668706178665,0.002781088049723473,-0.03246630341216308,-0.10651674688676113,20.033153747780094,269.9892272949219,45.31261444091797,0.20727339386940002
137,27.4,0.018157023936510086,0.01615659926809614,-0.04303590298803206,-0.1411939119592551,19.958694274604557,271.7763366699219,45.301170349121094,-0.47152698040008545
138,27.6,0.00938429031521082,0.024292786267929977,-0.04675013956161339,-0.15337972787932366,19.94019200252378,273.5593566894531,45.29658889770508,-0.0978088304400444
139,27.8,-0.019092809408903122,0.007302166884631706,-0.038500744777573745,-0.12631478349605504,19.982446424879072,275.3439025878906,45.30397033691406,0.32689228653907776
140,28.0,-0.01289685070514679,0.015251685370084053,-0.03865675985861224,-0.1268266440145294,20.03354996743885,277.1329345703125,45.30294418334961,-0.062225341796875
141,28.2,0.012326355092227459,0.030686250668256303,-0.054245048255319,-0.17796932411798078,20.05647717743853,278.9254150390625,45.28648376464844,-0.589691162109375
142,28.4,0.029954232275485992,0.028488359474567453,-0.06752228522863991,-0.22152981426953097,20.036676380530157,280.71783447265625,45.27233123779297,-0.413787841796875
143,28.6,-0.03704235702753067,0.005220362732384533,-0.05698599921473523,-0.18696194566367194,19.996327446280926,282.5072937011719,45.28199768066406,0.4807901084423065
144,28.8,0.016029193997383118,0.016926852792652658,-0.058776773956206986,-0.19283719106648212,19.96182123664792,284.2928771972656,45.279335021972656,-0.1555481255054474
145,29.0,0.0078820725902915,0.015371742504937915,-0.06252745717917944,-0.2051425826117391,19.968478792196194,286.0775451660156,45.27471160888672,-0.101837158203125
146,29.2,-3.1375326216220856e-05,0.006648899859610717,-0.05595917617257289,-0.18359310355402406,20.00494934964364,287.8645324707031,45.28041076660156,0.24763567745685577
147,29.4,-0.020202435553073883,0.013422481771855684,-0.046097277915623056,-0.15123779327669273,20.034132773742705,289.6546325683594,45.28940200805664,0.33645516633987427
148,29.6,0.010239132679998875,0.025998533979429726,-0.04911835217914008,-0.16114945456340996,20.03277525275477,291.4458923339844,45.2855110168457,-0.1836242526769638
149,29.8,-0.011400739662349224,0.023396078205322402,-0.05309780799176635,-0.17420541237170672,20.00993633153884,293.2359313964844,45.280662536621094,-0.1261596530675888
150,30.0,0.03220631927251816,0.028646809358870717,-0.06178110974484949,-0.202693936095292,19.988642487642675,295.02386474609375,45.2711067199707,-0.3287048041820526
151,30.2,0.009016725234687328,0.007748589349389325,-0.053412702369022076,-0.1752385304403824,19.973401506085196,296.8099670410156,45.27860641479492,0.38983914256095886
152,30.4,-0.013146927580237389,-0.012542768148292022,-0.02674160578947017,-0.08773492993832532,19.99015887974169,298.59625244140625,45.30440902709961,0.9484193325042725
153,30.6,-0.015697941184043884,-0.013682281884210909,-0.0037127281769838384,-0.012180867112175656,20.011331166997586,300.3843994140625,45.32656478881836,0.7183274626731873
154,30.8,-0.010348578914999962,-0.005004464007577279,0.0047279348636449356,0.01551159781804085,20.021466850828297,302.1741027832031,45.334129333496094,0.1804855465888977
155,31.0,0.016296859830617905,0.004244942043023386,-0.0004924386152698295,-0.0016156123065218676,20.015904150923383,303.96392822265625,45.32804489135742,-0.259246826171875
156,31.2,0.003210325725376606,-0.0020826926509310488,-8.063017360804454e-05,-0.0002645346987802169,19.998528389303978,305.75262451171875,45.32758331298828,0.0466172993183136
157,31.4,-0.012744384817779064,-0.012304457371379803,0.00798525882775127,0.026198356572439477,19.99020026056202,307.54022216796875,45.33477783203125,0.2917790412902832
158,31.6,-0.008248982019722462,-0.0046897750922124835,0.009396202623996871,0.030827437416913895,19.99160288793397,309.3274230957031,45.33531951904297,0.0030020952690392733
159,31.8,0.015562751330435276,0.0071225598948991085,0.000690139167045316,0.002264236184808955,20.000653685450803,311.1151428222656,45.32574462890625,-0.341217041015625
160,32.0,0.0026793712750077248,0.000522927943582903,-0.0014602987217547136,-0.004791006458281734,20.00525508443452,312.9035949707031,45.32272720336914,-0.0297851525247097
161,32.2,-0.0038248086348176003,-0.00579855322944801,0.0036512310920678525,0.011979105016099893,20.007874903283668,314.69232177734375,45.32696533203125,0.19548442959785461
162,32.4,-0.01058442983776331,-0.005339327671677227,0.007908818540689217,0.02594756822103481,20.00517084095658,316.4810791015625,45.33034896850586,0.13245879113674164
163,32.6,0.005881973542273045,0.0019472322546517764,0.003991156169786492,0.013094344808082315,19.99985966035052,318.2693786621094,45.3255615234375,-0.1806029975414276
164,32.8,0.002393573522567749,0.002098907320900164,-0.00029921109070728274,-0.0009816637148360814,19.996007733292622,320.0572509765625,45.32040023803711,-0.139251708984375
165,33.0,-0.002703158650547266,0.00017151831463019782,-0.0013151578632052234,-0.004314822523918225,19.997297718435817,321.8450622558594,45.31852340698242,-0.02249145321547985
166,33.2,-0.0020179608836770058,0.0025840333828314956,-0.0031089330191668672,-0.010199911806603425,20.001019139273147,323.6331481933594,45.315853118896484,-0.0651550218462944
167,33.4,0.002727448008954525,0.006128085960480374,-0.0071061468077875025,-0.02331413069286155,20.003693598752733,325.42156982421875,45.31098175048828,-0.1443481296300888
168,33.6,0.005889476276934147,0.005610630174693209,-0.010176875600225187,-0.033388700544242804,20.00334724613749,327.21002197265625,45.30704116821289,-0.0957641527056694
169,33.8,0.0011687036603689194,0.00033148299123471515,-0.008349660611317361,-0.027393900520034452,20.000901750135064,328.99822998046875,45.30799865722656,0.0846700444817543
170,34.0,-0.0038860226050019264,-0.0034121666867361115,-0.00330664178053837,-0.010848562619261506,19.999063268197162,330.7863464355469,45.312171936035156,0.17771725356578827
171,34.2,-0.005273922346532345,-0.0024586252404589035,-3.204738807856966e-06,-1.0514235270369448e-05,19.998673654585026,332.5744934082031,45.31460189819336,0.09207352995872498
172,34.4,-0.009705226868391037,0.0015184335646259567,-0.0015939911106229087,-0.005229629795376064,19.999594711177856,334.36260986328125,45.31214141845703,-0.0848998874425888
173,34.6,0.01283115241676569,0.009604716113572328,-0.011996727123756256,-0.03935934221670447,20.00054271496945,336.1507263183594,45.30086898803711,-0.3946533501148224
174,34.8,0.007295985706150532,0.006258088811301375,-0.01805226289602973,-0.05922658619981017,19.9987813727655,337.9388732910156,45.2939453125,-0.16497802734375
175,35.0,-0.0023910077288746834,0.0028083201171680045,-0.014768270877805948,-0.048452333826740863,19.999834485115493,339.72698974609375,45.296356201171875,0.15168730914592743
176,35.2,0.0009064255282282829,-0.0007638447353259414,-0.009696623502308457,-0.03181307025131368,20.00122957214977,341.5151062011719,45.30055618286133,0.17215144634246826
177,35.4,-0.0016410364769399166,-0.003283091149702114,-0.004310329400542919,-0.01414150111047723,20.001570732356033,343.30322265625,45.30507278442383,0.17578335106372833
178,35.6,-0.00014153681695461273,-0.004101859531097252,0.00040077820802143576,0.0013148891760050472,20.00103041518649,345.09136962890625,45.30891418457031,0.1411546766757965
179,35.8,-0.0052942149341106415,-0.004723864008694224,0.004394933057435418,0.014419072172156416,20.00007069117954,346.8794860839844,45.31203842163086,0.12079840153455734
180,36.0,0.004758489318192005,-0.0015464855906853153,0.004688381827032554,0.015381830633401483,19.999436144374407,348.6676025390625,45.311458587646484,-0.01974487118422985
181,36.2,0.0011331820860505104,-0.0031320060225873167,0.00601585336120326,0.019737052341570104,19.99903782978832,350.45574951171875,45.31191635131836,0.04914772883057594
182,36.4,-0.002672603353857994,-0.0052398275719609715,0.009700792683735915,0.03182674866850814,19.99994693134127,352.2438659667969,45.31473159790039,0.12475866824388504
183,36.6,-0.007510494440793991,-0.0044427176351142725,0.01217126701220676,0.039931979664328425,20.00087097875407,354.031982421875,45.31633377075195,0.0693485364317894
184,36.8,0.006451929919421673,0.00042907827873461953,0.008689782427512786,0.02850978577948105,20.000880995486856,355.8200988769531,45.31197738647461,-0.1533203125
185,37.0,0.0016922568902373314,-0.0021754085452028076,0.00642380956249655,0.02107549136502118,19.999549512499577,357.6082458496094,45.308841705322266,-0.0646972581744194
186,37.2,-0.0013868296518921852,-0.004982150614723322,0.007385055359530823,0.024229185025763107,19.999534968961417,359.3963623046875,45.30893325805664,0.041597880423069
187,37.4,-0.0012294212356209755,-0.004489211174973771,0.008282258119314,0.027172763728170145,20.000072914741246,361.1844787597656,45.3089599609375,0.026449698954820633
188,37.6,0.009677956812083721,-0.0029471347836234154,0.008006735339880952,0.026268817572495023,20.000559448038814,362.97259521484375,45.30781173706055,-0.01889037899672985
189,37.8,-0.002077694982290268,-0.009527353318456604,0.013728737604267537,0.0450417914815851,19.99957204024754,364.7607421875,45.31266403198242,0.21948841214179993
190,38.0,-0.006131998263299465,-0.012009633519917328,0.021819651747459336,0.07158678623913449,19.999894697623418,366.5488586425781,45.31988525390625,0.2646203935146332
191,38.2,-0.008922262117266655,-0.008665086981274144,0.02546181971289895,0.08353615658686739,20.00025017397603,368.33697509765625,45.32265853881836,0.08891460299491882
192,38.4,0.010701392777264118,-0.0014121250859149346,0.02074762118515721,0.06806962548911118,20.00028179296554,370.1251220703125,45.31707000732422,-0.2080077975988388
193,38.6,-0.002020488027483225,-0.004073655413014002,0.019294163898661405,0.06330106468528428,19.998494947355738,371.9132385253906,45.31474685668945,-0.025848388671875
194,38.8,-0.006541695445775986,-0.012081623093533785,0.020099007126304313,0.06594162654026424,19.99936557891608,373.70135498046875,45.31468200683594,0.026466580107808113
195,39.0,0.001954701729118824,-0.003942518861818915,0.01606681479325822,0.0527126486463133,20.00059514319929,375.4894714355469,45.30978012084961,-0.1590270847082138
196,39.2,0.012664196081459522,-0.0007228737792592299,0.010833992262602852,0.03554459517483794,20.00106882701072,377.2776184082031,45.30367660522461,-0.1767577826976776
197,39.4,-0.0030650291591882706,-0.009792440472808743,0.014498873645081036,0.047568484609727665,19.99957088541107,379.06573486328125,45.30646896362305,0.1688908189535141
198,39.6,-0.012175875715911388,-0.012261019067729074,0.02110205603064767,0.0692324695075901,19.99971751179149,380.8538513183594,45.31220245361328,0.22080951929092407
199,39.8,-0.00606377050280571,-0.0035998665552657923,0.01904970618723915,0.06249903804734169,19.999600107358205,382.6419982910156,45.30928039550781,-0.120147705078125
200,40.0,0.011695236898958683,0.0053482274406732805,0.008161871652380089,0.02677779499199469,20.00030700222586,384.43011474609375,45.297523498535156,-0.40570068359375
201,40.2,0.009246722795069218,0.0022450839961614903,0.0019940811295507633,0.0065422611330753265,19.99902055421771,386.2182312011719,45.29048156738281,-0.17181396484375
202,40.4,-0.004633269272744656,-0.005178858219932442,0.006075748920783463,0.019933560089263218,19.999743211603807,388.00634765625,45.29369354248047,0.18574972450733185
203,40.6,-0.009567086584866047,-0.005610572427084357,0.011206473178934404,0.03676664546437515,20.000878364886482,389.79449462890625,45.29795455932617,0.16739976406097412
204,40.8,0.0009634196758270264,-0.0016951781511596667,0.008803156385647144,0.028881747596286575,20.00108802123777,391.5826110839844,45.294681549072266,-0.1238403245806694
205,41.0,-0.03442251309752464,0.0029880004186342807,0.003219544503743135,0.010562810389660627,20.00055804297114,393.3707275390625,45.28822708129883,-0.2003173679113388
206,41.2,0.019587449729442596,0.03483248842403691,-0.02552964614721506,-0.08375868426562906,19.991815464493925,395.1579895019531,45.25860595703125,-1.0849303007125854
207,41.4,0.037917133420705795,0.03885992845871536,-0.05498743099532023,-0.18040496310668644,19.987618998039213,396.9447937011719,45.22827911376953,-0.931610107421875
208,41.6,0.012488656677305698,0.010695450456265925,-0.05334010380385727,-0.1750003461638471,19.98993867693843,398.73175048828125,45.22905731201172,0.22838746011257172
209,41.8,-0.013776905834674835,-0.012189739195020293,-0.02799969577792953,-0.09186252189606232,20.005818020049386,400.5196533203125,45.2535285949707,0.9525654315948486
210,42.0,-0.011898130178451538,-0.013824950098986549,-0.0044698416556431106,-0.014664835297500142,20.01301798311637,402.30859375,45.27618408203125,0.7467309236526489
211,42.2,-0.010008650831878185,-0.00772570952190564,0.007196037120734608,0.02360904642719093,20.010800835011704,404.0979309082031,45.28697967529297,0.30337095260620117
212,42.4,0.007986101321876049,-0.00039022219704371773,0.007024585137017091,0.023046539900931154,20.00245627946281,405.8865966796875,45.28593826293945,-0.0883178636431694
213,42.6,-0.001651058904826641,-0.004755686082681569,0.007272393572043505,0.023859559726903214,19.99424134467256,407.6745300292969,45.285316467285156,0.008068487048149109
214,42.8,0.0004149293527007103,-0.00573375812120775,0.008719145212275422,0.028606120378241697,19.993976904607273,409.4620361328125,45.285892486572266,0.04102429002523422
215,43.0,-0.0038318848237395287,-0.005601999520702902,0.009945935150000161,0.03263102187752653,19.999069688786797,411.2498474121094,45.28624725341797,0.038981515914201736
216,43.2,0.002292959950864315,-0.002438654148760194,0.008797742666368898,0.028863986049529736,20.004445300622713,413.03814697265625,45.28422927856445,-0.0574951097369194
217,43.4,-0.0018434952944517136,-0.0022281564011712106,0.007657402220643144,0.025122711501574854,20.005754985844092,414.826904296875,45.28221893310547,-0.037322998046875
218,43.6,0.0027099773287773132,-0.0009635707578719921,0.005978911402355308,0.019615851685303387,20.003301699742224,416.61566162109375,45.27967071533203,-0.0640258714556694
219,43.8,-0.005431637167930603,-0.0017355781657253906,0.005441259473049511,0.01785190172955976,19.99935257588269,418.4037780761719,45.27825927734375,-0.011322020553052425
220,44.0,-0.0005682101473212242,0.0013107843948562757,0.0022559298328054343,0.007401344832661381,19.99727626313516,420.19189453125,45.27420425415039,-0.1259155124425888
221,44.2,0.004403651691973209,0.003734259591935737,-0.0033593468352746373,-0.01102147947104244,19.99804887110743,421.98004150390625,45.26771926879883,-0.19561767578125
222,44.4,-0.0005409037694334984,0.002349260681007548,-0.0065007947086341,-0.0213280673118751,20.00015543093776,423.7681579589844,45.263710021972656,-0.0899658128619194
223,44.6,0.0015869773924350739,0.0048577943309149165,-0.008400975656393151,-0.027562256972520908,20.00218998332688,425.5562744140625,45.26093673706055,-0.0590820275247097
224,44.8,-0.0044054025784134865,0.0037115893835345526,-0.009234153330088186,-0.030295779611486523,20.00232459933043,427.3443908691406,45.25923156738281,-0.02075195126235485
225,45.0,0.003835940733551979,0.006770889395748317,-0.012331730100648744,-0.04045843338341242,20.00097282210256,429.1325378417969,45.25526428222656,-0.11941526085138321
226,45.2,0.008053568191826344,0.005654762483262858,-0.014524934944518317,-0.047653987563373475,19.999064819429094,430.920654296875,45.252201080322266,-0.0642089694738388
227,45.4,-0.001851959154009819,-0.001475330994499883,-0.009966733676107072,-0.032699258513919124,19.998191141989583,432.7087707519531,45.25588607788086,0.18267741799354553
228,45.6,-0.009863574057817459,-0.004086703371049294,-0.003329204176258848,-0.010922586229637078,19.9994184390066,434.4969177246094,45.261653900146484,0.21984699368476868
229,45.8,0.002859971486032009,0.001315816080418676,-0.0035352556044381677,-0.011598607997264919,20.00049618322475,436.2850341796875,45.26057815551758,-0.0512695237994194
230,46.0,-0.005991388112306595,0.0022153662816766988,-0.005661412398646824,-0.018574188253976446,20.00079157608849,438.0731506347656,45.25758361816406,-0.0797119066119194
231,46.2,0.00030565354973077774,0.005535367344040532,-0.01124487346678897,-0.03689263066477992,20.00068122495161,439.86126708984375,45.25112533569336,-0.2123107612133026
232,46.4,0.005777677521109581,0.01625300981655013,-0.01911082125537891,-0.06269954680749734,20.00023441171563,441.6494140625,45.24238967895508,-0.265228271484375
233,46.6,0.0033155111595988274,0.012610779807513545,-0.023265083886486557,-0.07632901781814055,19.9995647399944,443.4375305175781,45.23736572265625,-0.1151122897863388
234,46.8,0.0019379323348402977,0.007614604549678515,-0.022998112909677362,-0.07545312875858588,19.999813624773036,445.22564697265625,45.23676300048828,0.031137986108660698
235,47.0,-0.005352694541215897,0.003551171960007384,-0.01978188517309618,-0.06490120015130087,20.00034302416364,447.0137939453125,45.23910903930664,0.11950338631868362
236,47.2,0.0020185885950922966,0.005333233694305374,-0.019076705341899123,-0.06258761795391632,20.00055910907036,448.8019104003906,45.23894119262695,0.0022167423740029335
237,47.4,0.0012779328972101212,0.0047725016399722195,-0.018954692844038022,-0.062187314470433706,20.00022958297639,450.59002685546875,45.23819351196289,0.0006028426578268409
238,47.6,0.0035186810418963432,0.0028967948603427444,-0.017402169040768106,-0.057093732275713634,20.00004644903355,452.3781433105469,45.23887634277344,0.05166061967611313
239,47.8,0.004442758858203888,-0.0004417005833545513,-0.012985928298720417,-0.04260475299957389,19.999875199257946,454.1662902832031,45.24242401123047,0.15762783586978912
240,48.0,-0.011715411208570004,-0.005186223829855107,-0.00404701625092054,-0.013277612796670144,19.999904197908652,455.95440673828125,45.25048828125,0.3107396364212036
241,48.2,-0.005896576680243015,-0.0017992226431304565,-0.0009876872059533402,-0.0032404436927799566,19.999263846046304,457.7425231933594,45.25267791748047,0.05414154753088951
242,48.4,0.0004386836662888527,0.007992845921338882,-0.00623295312598611,-0.02044932193386027,19.999797500601783,459.5306396484375,45.24656295776367,-0.218109130859375
243,48.6,0.005679888650774956,0.012001598767553131,-0.014083642127318356,-0.04620617643699115,20.00033961858137,461.31878662109375,45.23784255981445,-0.274810791015625
244,48.8,0.00412211287766695,0.009136598156496702,-0.018530977543476053,-0.060797172363737974,20.00034870996716,463.1069030761719,45.23252487182617,-0.1263122409582138
245,49.0,0.0038365069776773453,0.00445070106915247,-0.018104448170121627,-0.05939779773446184,20.000432034927783,464.89501953125,45.232078552246094,0.039985381066799164
246,49.2,-0.007495141122490168,-0.0006234090952314964,-0.013126311784547628,-0.04306532875521524,20.000315696547972,466.68316650390625,45.23618698120117,0.1861548125743866
247,49.4,-0.005445477552711964,0.0017930950374986322,-0.011295315113824799,-0.03705812163804095,19.999868395706116,468.4712829589844,45.23714828491211,0.033334121108055115
248,49.6,0.0071831075474619865,0.006807586819156293,-0.015793858075874193,-0.051817121329651085,19.999819695775532,470.2593994140625,45.231781005859375,-0.1838988959789276
249,49.8,-0.0016497615724802017,0.004518507136684234,-0.01795589135220914,-0.05891040658398183,19.99914290019562,472.0475158691406,45.22874450683594,-0.057708740234375
250,50.0,-0.0027264459058642387,0.0038547066068255888,-0.018829499879960795,-0.061776576386170574,19.99990916328174,473.8356628417969,45.22700119018555,-0.029998773708939552
251,50.2,0.007193543948233128,0.013330921592544452,-0.02194997967435967,-0.07201437131482619,20.000709624743795,475.623779296875,45.2230110168457,-0.1142883226275444
252,50.4,0.0008453354239463806,0.007489707496063682,-0.02128628022885043,-0.06983687962602164,20.000174490445488,477.4118957519531,45.22280502319336,0.04403256997466087
253,50.6,0.0016261013224720955,0.002700435553753056,-0.01733048258954193,-0.05685854049907275,20.000277993943314,479.2000427246094,45.22589111328125,0.13886481523513794
254,50.8,0.0028008734807372093,-0.0010426669795605497,-0.011611877487674142,-0.03809671213666083,20.000235590497425,480.9881591796875,45.23073959350586,0.1942242830991745
255,51.0,-0.00742874201387167,-0.005762906180317353,-0.003147555433916241,-0.01032662576980976,20.000101399147606,482.7762756347656,45.23833084106445,0.28487908840179443
256,51.2,-0.005051000043749809,-0.003491475133043341,0.0015673520285107597,0.0051422312292192405,19.999821679892356,484.56439208984375,45.2421760559082,0.12136038392782211
257,51.4,0.007998800836503506,0.0010986110866885006,0.00010168551186495948,0.00033361389474703364,19.999928929971123,486.3525390625,45.23984146118164,-0.0856628343462944
258,51.6,-0.0027144192717969418,-0.002125462965626041,0.0016702480850510706,0.0054798167273589545,19.999157644464326,488.1406555175781,45.240535736083984,0.06581225246191025
259,51.8,-0.008652724325656891,-0.0026873097961991788,0.00413066973015378,0.013552066477477729,19.999853359331993,489.92877197265625,45.24212646484375,0.07441990077495575
260,52.0,-0.002576771192252636,0.004133992902883919,6.924673561521774e-06,2.27187460075831e-05,20.00036228449287,491.7168884277344,45.23713302612305,-0.174591064453125
261,52.2,-0.006891573313623667,0.012357330163856428,-0.009304793207694926,-0.03052753774753382,20.00068520825669,493.5050354003906,45.226951599121094,-0.3329467177391052
262,52.4,0.0016764365136623383,0.022938281735500655,-0.024825838228960423,-0.08144960309510252,20.00043925015381,495.29315185546875,45.2105598449707,-0.5447081923484802
263,52.6,0.005588103085756302,0.02810629138456576,-0.04231729504011683,-0.13883627425941691,19.999875213811638,497.0812683105469,45.192195892333984,-0.5744323134422302
264,52.8,0.032141320407390594,0.026685014473722513,-0.05586714108219779,-0.1832911511481178,19.999492174527717,498.8694152832031,45.17777633666992,-0.4157715141773224
265,53.0,-0.005604762118309736,0.002879691560930594,-0.0458042513302257,-0.15027641993425767,19.99215304531688,500.6570739746094,45.18696975708008,0.4737965762615204
266,53.2,-0.003982885740697384,-0.006736755744455376,-0.026441824264309088,-0.08675139471931582,19.99578032570053,502.4445495605469,45.20546340942383,0.661749005317688
267,53.4,-0.008721455931663513,-0.007961129592566887,-0.010045755223063326,-0.03295851556603508,20.00244933294007,504.2325744628906,45.220985412597656,0.5191738605499268
268,53.6,-0.003662080504000187,-0.004857154856648206,-0.0006766653168594355,-0.0022200306381651106,20.00609605279855,506.0212097167969,45.22948455810547,0.24847789108753204
269,53.8,-0.0006878506392240524,-0.002022155962999324,0.002489772097947169,0.00816854388982899,20.005053645400448,507.8099365234375,45.231781005859375,0.05989766865968704
270,54.0,0.003033881075680256,-0.0022529083161069823,0.003130746635039417,0.010271478790102722,20.00103850072394,509.598388671875,45.23155212402344,-0.0016479491023346782
271,54.2,0.00325594749301672,-0.004637519838872342,0.005107893930924699,0.016758182724334988,19.99753250003945,511.3865051269531,45.23265838623047,0.06766830384731293
272,54.4,0.0009146574884653091,-0.009008503527352071,0.010336593317084516,0.033912708818423565,19.99710362163571,513.1746215820312,45.23701477050781,0.18337737023830414
273,54.6,-0.0022011352702975273,-0.012123620354027476,0.01762643597219916,0.05782951619502989,19.999337836476133,514.9627685546875,45.24343490600586,0.24272052943706512
274,54.8,0.013631087727844715,-0.012160812351180019,0.024038898359996397,0.07886777929541058,20.001834229332808,516.7509155273438,45.24897766113281,0.19676296412944794
275,55.0,-0.028191138058900833,-0.022039370101337257,0.03886231316777339,0.12750103153335765,20.000619291957847,518.5390014648438,45.26293182373047,0.5290119647979736
276,55.2,-0.0013101380318403244,-0.009428905726963465,0.04020523037189387,0.1319069280133243,19.993438958689097,520.32666015625,45.26340103149414,-0.060211181640625
277,55.4,0.0015322249382734299,-0.0004333649821237825,0.030202755508191226,0.0990904083814941,19.995855191185917,522.1141967773438,45.25252914428711,-0.3767699897289276
278,55.6,0.01839764416217804,0.0019445092277186032,0.019414690587945774,0.063696493468556,20.0015797552266,523.9022216796875,45.24087142944336,-0.36688232421875
279,55.8,0.00479391124099493,-0.015176668532608892,0.020910038467854664,0.06860249060687629,20.002722035680826,525.6904296875,45.24149703979492,0.12488442659378052
280,56.0,-0.013271250762045383,-0.02727549582443076,0.032924081930627826,0.108018644961281,20.004184373400303,527.4790649414062,45.25263977050781,0.44065579771995544
281,56.2,-0.013853879645466805,-0.020226744663124626,0.03898425323322788,0.12790109737770336,20.001627345837843,529.2672729492188,45.25782775878906,0.15633933246135712
282,56.4,0.010680529288947582,-0.003979195291990613,0.031152637715967747,0.10220681992405563,19.999190414925902,531.055419921875,45.24912643432617,-0.33770751953125
283,56.6,-0.0003666793927550316,-0.0038038572971371433,0.024392952003560623,0.08002937265136183,19.99655362046649,532.8435668945312,45.24149703979492,-0.2110595852136612
284,56.8,0.0019832951948046684,-0.004038347056784994,0.020574120214686516,0.06750039656515211,19.998881359221016,534.6316528320312,45.23680877685547,-0.11911008507013321
285,57.0,-0.0030795265920460224,-0.0040008104223624216,0.018174880595649413,0.05962887525343042,20.002017549474083,536.4197998046875,45.23353576660156,-0.0653991550207138
286,57.2,0.009064841084182262,-0.00164671356651659,0.014669220323656203,0.04812736480666421,20.003571702236012,538.2081298828125,45.22916030883789,-0.1251220554113388
287,57.4,-0.0009631896391510963,-0.005446925013148291,0.016156968495839804,0.053008428519891064,20.00154542694335,539.9963989257812,45.22977828979492,0.08012013882398605
288,57.6,-0.005277203395962715,-0.007085390025111547,0.020480928363689525,0.06719464901272715,19.9999852306345,541.7845458984375,45.23323440551758,0.14701780676841736
289,57.8,-0.0076154014095664024,-0.011192536518817528,0.021323499521792143,0.06995899017107654,19.999136769776435,543.5726318359375,45.23320388793945,0.004702297504991293
290,58.0,0.0001100664958357811,-0.0008351082126675611,0.015073436042893955,0.049453531906968204,19.99935539871938,545.3607788085938,45.22608184814453,-0.248748779296875
291,58.2,-0.0026219766587018967,0.0050404315893145864,0.005559509544569507,0.018239861294205423,20.000211596132882,547.1488647460938,45.2156982421875,-0.328125
292,58.4,0.004405347630381584,0.01045832697839362,-0.006239390659691065,-0.020470442451940834,20.00108493502946,548.93701171875,45.20302963256836,-0.4003296196460724
293,58.6,0.011832325719296932,0.01098853610360535,-0.0163103024589656,-0.0535114927194727,20.000850927864978,550.7251586914062,45.19208908081055,-0.3130187392234802
294,58.8,0.009623792953789234,0.0032437597244663993,-0.01684817810100373,-0.05527617664089708,19.9994204875241,552.5132446289062,45.190677642822266,0.03886308893561363
295,59.0,-0.004124465398490429,-0.0070290589543365424,-0.006006852711660806,-0.01970752265052524,19.999352572458058,554.3013916015625,45.20064926147461,0.4143960177898407
296,59.2,-0.009906337596476078,-0.009615766511624579,0.006652801435851927,0.021826777062800437,20.00014819007068,556.0895385742188,45.212440490722656,0.41374507546424866
297,59.4,-0.005385224707424641,-0.0050287077135533365,0.01184199808262587,0.038851700989402264,20.00052226790833,557.8776245117188,45.21675491333008,0.11925580352544785
298,59.6,0.004600186832249165,-0.0021424713694487172,0.009473028403620201,0.0310794905077333,20.000753316105264,559.665771484375,45.21351623535156,-0.125946044921875
299,59.8,-0.004718806594610214,-0.0023022241061530038,0.007439752044283801,0.024408636096968063,20.000075203103417,561.4539184570312,45.21061325073242,-0.0680541843175888
300,60.0,-0.004442141391336918,0.0015143747358067044,0.0035105416822753628,0.011517525572876301,19.999881882258432,563.2420043945312,45.205814361572266,-0.1471557468175888
301,60.2,0.005998966284096241,0.008319190886807845,-0.005205571030906353,-0.0170786456610388,20.00004930139113,565.0301513671875,45.19622802734375,-0.309539794921875
302,60.4,0.008885146118700504,0.007536104647045969,-0.011832254819833318,-0.03881973490310194,19.99965839231066,566.8182983398438,45.18872833251953,-0.2020568698644638
303,60.6,-0.004399225581437349,0.0005683693979153726,-0.010439963125720967,-0.03425184862139038,19.99963960518765,568.6063842773438,45.18925094604492,0.08858661353588104
304,60.8,-0.0008239084854722023,0.00021565976563823523,-0.0082427407178617,-0.02704311345678938,20.00029622679528,570.39453125,45.19057846069336,0.06926147639751434
305,61.0,-0.00040007755160331726,0.001154303355524,-0.007759450941151324,-0.02545751702576691,20.000732901524696,572.1826171875,45.19019317626953,0.007607325445860624
306,61.2,0.01260556373745203,0.0014371709560349203,-0.007884274817706793,-0.025867044192925154,20.000721043272875,573.9707641601562,45.18919372558594,-0.013763426803052425
307,61.4,-0.005314688663929701,-0.009739625114103678,0.00018376598755024564,0.0006029068025943479,19.998758717194068,575.7589111328125,45.19639205932617,0.3092462718486786
308,61.6,-0.014284338802099228,-0.013362746659527558,0.009632697353725038,0.03160333878599526,19.998930872081175,577.5469970703125,45.20497131347656,0.3007780611515045
309,61.8,0.0025593703612685204,-0.0011183799742392872,0.008068628702562728,0.0264718797925159,19.999253651706933,579.3351440429688,45.202537536621094,-0.11822507530450821
310,62.0,0.007083158008754253,0.0031706109623193986,0.002526521381554457,0.008289112409459126,20.000041435548738,581.123291015625,45.19612503051758,-0.2020568698644638
311,62.2,-0.010422560386359692,-0.001252482789339288,0.0018887042627957502,0.006196536493550809,20.00070558803206,582.911376953125,45.19461441040039,0.0001896686590043828
312,62.4,0.0021197255700826645,0.004508486712677561,-0.0031467384894919488,-0.010323945505864764,20.00043297446346,584.6995239257812,45.1887092590332,-0.1967773288488388
313,62.6,0.0042582107707858086,0.007190723364418032,-0.010493887511320292,-0.03442876590264007,20.000113800556413,586.4876708984375,45.18049240112305,-0.24517822265625
314,62.8,0.0030280184000730515,0.0052887886667541874,-0.014561353378134667,-0.04777347061711934,20.000105411266926,588.2757568359375,45.17555618286133,-0.11825559288263321
315,63.0,0.0008326331153512001,0.002724097578730484,-0.014972457171854386,-0.04912223638770674,20.00043452799956,590.0639038085938,45.17427062988281,0.005706684663891792
316,63.2,-0.0006600776687264442,0.001166184865045371,-0.013366542456134318,-0.043853487151783714,20.000705210549135,591.8519897460938,45.17500686645508,0.061397988349199295
317,63.4,-8.093565702438354e-05,0.0035817336548261375,-0.011596566091490486,-0.03804647789560565,20.00064563698366,593.64013671875,45.175907135009766,0.0547182559967041
318,63.6,-0.002443710807710886,0.0025152848328856914,-0.009996979236962958,-0.032798489359797546,20.00030260697803,595.4282836914062,45.1766357421875,0.04628366231918335
319,63.8,0.00026725511997938156,0.0037335251832459164,-0.010101320540637374,-0.03314081648254472,20.00002350157436,597.2163696289062,45.1756591796875,-0.018768310546875
320,64.0,0.002620888873934746,0.004064405139792991,-0.011039778914234228,-0.036219748252976226,19.999860360661067,599.0045166015625,45.173851013183594,-0.037353515625
321,64.2,-0.0023771654814481735,0.0018976708329882027,-0.01024255023726839,-0.033604168520439626,19.999879663309066,600.7926635742188,45.17377853393555,0.03222481906414032
322,64.4,-0.00020052585750818253,0.0023091974492643295,-0.010048418039272136,-0.03296725183996559,20.00020613866569,602.5807495117188,45.17310333251953,-0.0026550290640443563
323,64.6,0.007697907276451588,0.002811119930761232,-0.010780538088503005,-0.0353692205822842,20.000360543760483,604.368896484375,45.1714973449707,-0.0310668908059597
324,64.8,-0.0007430985569953918,-0.0021078555808930906,-0.006492861826339659,-0.021302040794328205,19.999655065770202,606.1570434570312,45.1749153137207,0.1659672111272812
325,65.0,-0.007862403988838196,-0.004591664298127265,0.0003048552538107985,0.00100018131091262,19.999939242501185,607.9451293945312,45.180843353271484,0.22603754699230194
326,65.2,-0.003485000692307949,-0.0023473009472244686,0.001945131926764232,0.006381666630605163,20.000016544136297,609.7332763671875,45.18161392211914,0.018045328557491302
327,65.4,-0.009421071037650108,0.0041896871068494365,-0.0017766354350286333,-0.005828856600659341,20.000228592800045,611.5213623046875,45.17702102661133,-0.15460205078125
328,65.6,6.0587190091609955e-05,0.015921100927033055,-0.013683796522329766,-0.044894346982320386,19.999976036920636,613.3095092773438,45.164241790771484,-0.4409485161304474
329,65.8,0.009253577329218388,0.02285886360016227,-0.029678863222456192,-0.09737160161476317,19.999851501659734,615.09765625,45.147377014160156,-0.539520263671875
330,66.0,0.016760025173425674,0.019236248404104137,-0.04008924347217016,-0.13152639355323476,19.999167764560404,616.8857421875,45.1360969543457,-0.3038634657859802
331,66.2,-0.0031183683313429356,0.005176727608444481,-0.035771216658209024,-0.11735963846091849,19.998185910880746,618.6738891601562,45.13954544067383,0.22700636088848114
332,66.4,9.065214544534683e-05,-7.551635644860723e-06,-0.026402197216515978,-0.08662138471583428,19.9998599284862,620.4620361328125,45.148040771484375,0.3243522346019745
333,66.6,-0.005253603681921959,-0.0022064982298420706,-0.017063892057959464,-0.05598389961943573,20.001385239944383,622.2501220703125,45.15650939941406,0.30473947525024414
334,66.8,-0.0043390425853431225,-0.0011307226974641676,-0.010977058294170184,-0.036013971933845305,20.001703800070207,624.0382690429688,45.16172790527344,0.16743144392967224
335,67.0,-0.01106785424053669,0.0015229939361782923,-0.009911421445412742,-0.032517787934967936,20.000917328093173,625.826416015625,45.16191864013672,-0.000335693359375
336,67.2,-0.0100946556776762,0.017530919266132185,-0.01833815935162649,-0.060164566727190255,19.9993260892664,627.614501953125,45.15262222290039,-0.336669921875
337,67.4,0.013332213275134563,0.03430828133418492,-0.038342531775519134,-0.12579571195039418,19.99878517922037,629.4025268554688,45.13174819946289,-0.7170409560203552
338,67.6,0.028835266828536987,0.031791210511759156,-0.05416981118761803,-0.17772248333678473,19.9969029812494,631.1905517578125,45.11505126953125,-0.481964111328125
339,67.8,-0.0027136257849633694,0.006278437183137541,-0.046246582717111115,-0.15172763844160683,19.99421500694908,632.9781494140625,45.12210464477539,0.3957420587539673
340,68.0,-0.005125458352267742,-0.005423509545228023,-0.028230404052588868,-0.09261943883189566,19.99937618795787,634.7659301757812,45.13924789428711,0.6293473243713379
341,68.2,-0.012081839144229889,-0.00689574358341371,-0.01286481855543611,-0.042207411309417006,20.004273526420228,636.5541381835938,45.153743743896484,0.48524755239486694
342,68.4,-0.005775471683591604,-0.0010228719005904113,-0.007127260644756287,-0.023383401813742218,20.004837532745416,638.3428955078125,45.15861129760742,0.11714279651641846
343,68.6,-0.030144035816192627,0.0048522131716429604,-0.010328828057190485,-0.03388723224315283,20.002474414825986,640.1314697265625,45.154541015625,-0.1617736667394638
344,68.8,-0.2176526039838791,0.025103445347324362,-0.03680577683317916,-0.12075386486536753,19.993896661113435,641.9190063476562,45.12718963623047,-1.0088502168655396
345,69.0,0.0026301397010684013,0.24717453922126295,-0.18491060707344967,-0.6066621161108566,19.74897779354239,643.685302734375,44.97822570800781,-5.778568267822266
346,69.2,-0.08214237540960312,0.32894660756895255,-0.42889301761030435,-1.4071293678965908,19.868528258232327,645.43798828125,44.73339080810547,-8.252969741821289
347,69.4,-0.104736328125,0.2779787590472516,-0.7244946764385385,-2.3769511142466144,20.024857582922152,647.1939086914062,44.42594528198242,-10.432233810424805
348,69.6,-0.08143935352563858,0.20277579884176633,-1.0709126143941172,-3.5134929418087957,20.124875562524952,648.9403076171875,44.01266860961914,-13.932456016540527
