step,here_m,x,y,yaw,steer,cte_m,in_bridge,speed_mph
0,10.0,656.8673,15.3798,-109.7334,-0.010057,-0.018281,0,19.627
1,10.0,656.2774,13.768,-110.2002,-0.034214,0.002446,0,18.766
2,12.0,655.6912,12.2401,-111.1264,-0.015507,0.008395,0,17.981
3,14.0,655.1,10.7578,-111.8063,-0.048915,0.016775,0,17.88
4,16.0,654.4626,9.2584,-113.1445,-0.036179,0.037771,0,18.659
5,16.0,653.7532,7.6932,-114.502,-0.137016,0.149996,0,19.671
6,18.0,652.9314,6.1149,-118.1316,-0.095151,0.185464,0,20.014
7,20.0,652.0066,4.5899,-121.8964,-0.04047,0.16879,0,19.829
8,22.0,651.0381,3.1262,-123.9418,-0.055859,0.144057,0,19.454
9,22.0,650.0378,1.7201,-125.7899,-0.073098,0.177766,0,19.219
10,24.0,648.9838,0.3613,-128.1641,-0.068437,0.1656,0,19.317
11,26.0,647.8581,-0.9688,-130.6083,-0.053042,0.138541,0,19.669
12,28.0,646.6634,-2.2811,-132.6658,-0.09125,0.10973,0,19.982
13,30.0,645.3975,-3.546,-135.5522,-0.041659,0.060847,0,20.02
14,30.0,644.088,-4.76,-137.5615,-0.079396,0.079881,0,19.913
15,32.0,642.7402,-5.9091,-140.0358,-0.032468,0.04141,0,19.744
16,34.0,641.3632,-7.0099,-141.6693,-0.024772,0.009497,0,19.721
17,36.0,639.962,-8.0868,-142.6697,-0.066059,0.00634,0,19.822
18,36.0,638.5193,-9.1248,-144.6126,-0.102868,0.066311,0,19.935
19,38.0,637.0181,-10.0879,-147.8853,-0.022062,0.06319,0,19.973
20,40.0,635.4827,-11.0031,-149.5232,-0.088232,0.065615,0,19.999
21,42.0,633.9152,-11.8551,-151.9791,-0.045141,0.061423,0,19.929
22,44.0,632.3192,-12.6457,-154.0212,-0.048319,0.05337,0,19.92
23,44.0,630.6993,-13.387,-155.7609,-0.058196,0.116184,0,19.938
24,46.0,629.0527,-14.0729,-157.7628,-0.121163,0.143025,0,19.968
25,48.0,627.3709,-14.6618,-161.3599,-0.061268,0.130508,0,19.93
26,50.0,625.6593,-15.1646,-164.1416,-0.017279,0.090765,0,19.979
27,52.0,623.9316,-15.6278,-165.2649,-0.088783,0.072862,0,20.025
28,52.0,622.1885,-16.0246,-167.6575,-0.091988,0.119092,0,19.984
29,54.0,620.4293,-16.325,-170.8814,-0.046646,0.087053,0,19.959
30,56.0,618.6586,-16.5547,-173.0371,-0.042508,0.04761,0,19.985
31,58.0,616.8793,-16.732,-174.6528,-0.088262,0.019584,0,20.011
32,60.0,615.0948,-16.8308,-177.3334,-0.034686,-0.012952,0,19.986
33,60.0,613.3076,-16.8688,-179.1259,-0.007515,0.004776,0,20.003
34,62.0,611.5186,-16.8828,-179.7186,-0.01166,0.000269,0,20.016
35,64.0,609.7288,-16.8822,179.8793,0.021528,-0.013391,0,20.016
36,66.0,607.9399,-16.8901,-179.6853,0.021966,-0.018579,0,20.003
37,68.0,606.1523,-16.9204,-178.9048,-0.012472,-0.001324,0,19.994
38,70.0,604.3652,-16.9519,-178.9967,-0.013007,0.017008,0,19.992
39,72.0,602.5776,-16.971,-179.4486,-0.073786,0.023099,0,19.999
40,74.0,600.7917,-16.9379,178.5834,0.074685,-0.023069,0,19.973
41,74.0,599.0092,-16.9182,179.561,-0.01486,-0.055898,0,19.931
42,76.0,597.2256,-16.9153,179.9023,0.036812,-0.071809,0,19.975
43,78.0,595.4376,-16.933,-179.2571,0.002902,-0.067248,0,20.025
44,80.0,593.6456,-16.9677,-178.8176,0.009521,-0.045623,0,20.059
45,82.0,591.8529,-17.0118,-178.5197,-0.046233,-0.014663,0,20.048
46,84.0,590.0635,-17.0297,-179.6104,0.013614,-0.009886,0,19.993
47,86.0,588.2777,-17.0391,-179.7146,0.024325,-0.013537,0,19.966
48,88.0,586.4926,-17.0682,-178.9716,-0.014545,0.002477,0,19.977
49,90.0,584.7055,-17.0968,-179.1,0.02366,0.018058,0,20.005
50,92.0,582.9164,-17.137,-178.6188,-0.043835,0.045133,0,20.024
51,92.0,581.1273,-17.1571,-179.5163,0.006416,0.052157,0,20.008
52,94.0,579.3388,-17.1652,-179.7755,0.016595,0.047175,0,20.002
53,96.0,577.5507,-17.1854,-179.3019,-0.009525,0.05422,0,20.001
54,98.0,575.7625,-17.2051,-179.3808,-0.018332,0.060915,0,20.003
55,100.0,573.9739,-17.2096,-179.9447,0.016174,0.052287,0,20.006
56,102.0,572.1851,-17.2176,-179.7135,0.03402,0.047153,0,20.005
57,104.0,570.3973,-17.2537,-178.6804,-0.008626,0.070207,0,19.999
58,106.0,568.6099,-17.2979,-178.5552,-0.057089,0.101279,0,19.999
59,108.0,566.8231,-17.3035,179.9378,-0.000702,0.093794,0,19.982
60,108.0,565.0361,-17.2865,179.349,0.056758,0.063703,0,19.996
61,110.0,563.2492,-17.3041,-179.2334,-0.006671,0.068242,0,19.989
62,112.0,561.4617,-17.3383,-178.8434,-0.031988,0.089366,0,20.004
63,114.0,559.673,-17.3509,-179.7091,-0.009669,0.088929,0,20.011
64,116.0,557.8836,-17.3452,179.7158,0.043785,0.070092,0,20.017
65,118.0,556.0953,-17.3633,-179.2718,-0.012549,0.075083,0,19.997
66,120.0,554.3083,-17.389,-179.1657,-0.020089,0.087744,0,19.99
67,122.0,552.5208,-17.3981,-179.7909,0.007694,0.083714,0,19.997
68,124.0,550.7324,-17.4047,-179.7978,0.035102,0.075298,0,20.008
69,126.0,548.9439,-17.4367,-178.8232,-0.020152,0.096697,0,20.007
70,126.0,547.1558,-17.4691,-178.9899,-0.041476,0.125059,0,20.001
71,128.0,545.3681,-17.4675,179.7555,-0.008479,0.119512,0,19.993
72,130.0,543.5804,-17.4435,179.1096,0.04919,0.091675,0,20.001
73,132.0,541.7931,-17.4466,-179.7348,-0.005151,0.090889,0,19.99
74,134.0,540.0057,-17.4643,-179.3836,-0.026976,0.104657,0,19.999
75,136.0,538.2173,-17.4639,179.8907,-0.013921,0.100325,0,20.007
76,138.0,536.4282,-17.4441,179.2557,0.020663,0.076612,0,20.014
77,140.0,534.6391,-17.4314,179.637,0.014927,0.059987,0,20.008
78,142.0,532.8505,-17.4357,-179.7747,-0.007568,0.060394,0,20.003
79,142.0,531.0624,-17.4414,-179.8106,-0.00748,0.06227,0,19.998
80,144.0,529.2742,-17.4403,179.9266,0.0214,0.057188,0,19.999
81,146.0,527.4861,-17.4505,-179.5969,0.011809,0.063527,0,19.999
82,148.0,525.6979,-17.4767,-179.078,-0.024116,0.085852,0,20.003
83,150.0,523.9099,-17.4923,-179.573,-0.039627,0.097539,0,20.0
84,152.0,522.1222,-17.4728,179.1676,0.013506,0.074134,0,19.995
85,154.0,520.3348,-17.4459,179.109,0.020549,0.043324,0,19.996
86,156.0,518.5468,-17.4358,179.7568,0.008488,0.029313,0,20.002
87,158.0,516.7581,-17.4394,-179.8087,-0.010086,0.02898,0,20.008
88,158.0,514.9693,-17.4407,-179.9743,0.016257,0.026365,0,20.007
89,160.0,513.1808,-17.4498,-179.6479,0.022719,0.031571,0,20.001
90,162.0,511.3932,-17.4804,-178.8992,-0.049031,0.058256,0,19.996
91,164.0,509.607,-17.488,-179.9205,-0.012141,0.061971,0,19.974
92,166.0,507.8207,-17.4696,179.2878,-0.000193,0.03968,0,19.991
93,168.0,506.0325,-17.4444,179.1348,0.034311,0.010552,0,20.013
94,170.0,504.2432,-17.4406,-179.9875,0.019548,0.002838,0,20.014
95,172.0,502.454,-17.4631,-179.1351,-0.00587,0.021478,0,20.011
96,174.0,500.6655,-17.4911,-179.0723,-0.001724,0.045542,0,20.002
97,176.0,498.8776,-17.5172,-179.1648,-0.017508,0.067773,0,19.997
98,176.0,497.0901,-17.5311,-179.64,-0.006641,0.077726,0,19.995
99,178.0,495.3022,-17.5334,-179.9908,-0.003816,0.076119,0,20.0
100,180.0,493.5137,-17.5295,179.8328,0.002415,0.068371,0,20.006
101,182.0,491.725,-17.5251,179.853,0.014964,0.060039,0,20.007
102,184.0,489.9364,-17.5314,-179.7354,-0.005356,0.062387,0,20.003
103,186.0,488.1483,-17.5399,-179.7229,-0.018908,0.067067,0,19.998
104,188.0,486.3606,-17.5344,179.7396,0.011441,0.057654,0,19.995
105,190.0,484.573,-17.5292,179.8446,0.022466,0.048517,0,19.996
106,192.0,482.7849,-17.5426,-179.4669,-0.016883,0.058048,0,19.999
107,192.0,480.9968,-17.5538,-179.6739,-0.016551,0.065276,0,20.0
108,194.0,479.2087,-17.5483,179.7378,0.015975,0.055925,0,20.002
109,196.0,477.4206,-17.5467,179.9779,0.017978,0.050422,0,20.001
110,198.0,475.6324,-17.5625,-179.4029,-0.005094,0.062297,0,20.001
111,200.0,473.8443,-17.5824,-179.3465,-0.022297,0.078261,0,20.001
112,202.0,472.0562,-17.5864,-179.9668,0.000183,0.078348,0,19.998
113,204.0,470.2681,-17.5818,179.8114,0.030844,0.069884,0,20.0
114,206.0,468.4803,-17.5969,-179.4005,-0.01916,0.081046,0,19.996
115,208.0,466.6928,-17.6108,-179.5886,-0.020251,0.091055,0,19.993
116,210.0,464.9051,-17.6049,179.7089,0.006309,0.081275,0,19.999
117,210.0,463.1167,-17.595,179.6602,0.017538,0.067414,0,20.006
118,212.0,461.3279,-17.598,-179.8313,-0.006433,0.066595,0,20.007
119,214.0,459.5392,-17.6036,-179.8195,-0.01014,0.06824,0,20.003
120,216.0,457.751,-17.6007,179.8608,-0.010686,0.061402,0,20.0
121,218.0,455.9629,-17.5865,179.477,0.01731,0.043366,0,19.998
122,220.0,454.1747,-17.5792,179.8133,-0.00316,0.032169,0,19.997
123,222.0,452.3866,-17.5759,179.899,-0.000646,0.024944,0,20.0
124,224.0,450.5984,-17.5715,179.8592,0.001581,0.016619,0,20.004
125,226.0,448.8097,-17.5681,179.8928,-0.005039,0.007348,0,20.005
126,226.0,447.0211,-17.5618,179.7768,-0.000692,0.001241,0,20.003
127,228.0,445.233,-17.5531,179.7086,-0.011735,-0.005025,0,20.0
128,230.0,443.4449,-17.536,179.3931,3.4e-05,-0.016021,0,19.997
129,232.0,441.6571,-17.5141,179.275,-0.020681,-0.031385,0,19.998
130,234.0,439.8696,-17.4777,178.7315,0.002086,-0.061274,0,19.997
131,236.0,438.0821,-17.4343,178.5773,0.030071,-0.09819,0,20.0
132,238.0,436.2943,-17.4108,179.3659,0.022345,-0.115149,0,19.997
133,240.0,434.5062,-17.414,-179.7512,-0.021798,-0.1055,0,19.999
134,242.0,432.7182,-17.4128,179.9246,0.013036,-0.1002,0,19.997
135,242.0,430.9302,-17.4134,-179.9423,0.032356,-0.093019,0,19.998
136,244.0,429.1426,-17.4405,-178.9842,0.002399,-0.059476,0,19.997
137,246.0,427.3549,-17.4822,-178.5901,-0.000593,-0.011242,0,20.003
138,248.0,425.5668,-17.5263,-178.5633,0.008946,0.039361,0,20.006
139,250.0,423.7788,-17.577,-178.3335,-0.046416,0.096586,0,20.005
140,252.0,421.9918,-17.6004,-179.4377,-0.038537,0.12652,0,19.983
141,254.0,420.2054,-17.5802,179.1079,0.015941,0.112853,0,19.986
142,256.0,418.4183,-17.5535,179.1114,0.007317,0.092641,0,19.998
143,258.0,416.6297,-17.5353,179.4405,-0.00567,0.080904,0,20.012
144,260.0,414.8403,-17.5159,179.3737,0.006576,0.068094,0,20.016
145,260.0,413.0511,-17.4993,179.4924,0.005248,0.058026,0,20.009
146,262.0,411.2626,-17.4888,179.6931,0.013272,0.054038,0,19.999
147,264.0,409.475,-17.4896,-179.9048,0.003858,0.061339,0,19.993
148,266.0,407.6875,-17.4987,-179.667,-0.041155,0.0769,0,19.995
149,268.0,405.9005,-17.4825,179.3178,0.007146,0.067272,0,19.988
150,270.0,404.1133,-17.4555,179.0948,0.076825,0.046737,0,19.997
151,272.0,402.3276,-17.4777,-178.968,-0.051115,0.075474,0,19.97
152,274.0,400.5437,-17.4999,-179.39,-0.041965,0.104167,0,19.956
153,276.0,398.758,-17.4774,179.0663,0.015468,0.088151,0,19.995
154,276.0,396.9688,-17.448,179.0249,0.062524,0.065256,0,20.032
155,278.0,395.1787,-17.4627,-179.2616,0.008042,0.086521,0,20.021
156,280.0,393.3894,-17.5074,-178.4219,-0.076198,0.137651,0,20.015
157,282.0,391.6035,-17.5091,179.7811,0.002099,0.145852,0,19.96
158,284.0,389.8188,-17.4837,179.0759,0.014388,0.126951,0,19.974
159,286.0,388.0314,-17.4655,179.431,0.012625,0.115354,0,20.011
160,288.0,386.2408,-17.4603,179.904,-0.028971,0.116613,0,20.038
161,290.0,384.4498,-17.4411,179.2881,0.004218,0.103956,0,20.029
162,292.0,382.6602,-17.4142,179.1138,0.028197,0.083568,0,20.009
163,294.0,380.8725,-17.4068,179.8716,-0.006395,0.082656,0,19.988
164,294.0,379.0856,-17.4058,179.9897,-0.018855,0.088239,0,19.986
165,296.0,377.2984,-17.3911,179.4503,-0.007729,0.079959,0,19.998
166,298.0,375.5098,-17.3638,179.0563,0.026731,0.059231,0,20.014
167,300.0,373.7205,-17.3505,179.6608,0.003159,0.052418,0,20.012
168,302.0,371.9313,-17.3491,-179.9924,-0.012343,0.057559,0,20.008
169,304.0,370.1429,-17.3418,179.7323,-0.016588,0.056737,0,20.0
170,306.0,368.3551,-17.319,179.1788,0.014858,0.040505,0,19.996
171,308.0,366.5676,-17.2993,179.3914,0.016914,0.027235,0,19.996
172,310.0,364.7795,-17.2957,179.9718,-0.005143,0.030216,0,20.001
173,310.0,362.991,-17.2958,-179.9844,-0.008761,0.036785,0,20.006
174,312.0,361.2023,-17.2889,179.7447,0.020927,0.036468,0,20.007
175,314.0,359.4139,-17.2928,-179.8026,-0.013556,0.046882,0,20.0
176,316.0,357.626,-17.2954,-179.9493,-0.020429,0.055961,0,19.995
177,318.0,355.8385,-17.2797,179.3941,0.028081,0.046745,0,19.996
178,320.0,354.0511,-17.2744,179.9084,-0.007773,0.048,0,19.993
179,322.0,352.2633,-17.2738,179.9764,-0.015696,0.05388,0,20.0
180,324.0,350.4749,-17.2604,179.5038,-0.009033,0.047004,0,20.006
181,326.0,348.6861,-17.2348,179.1065,0.00939,0.027895,0,20.009
182,328.0,346.8974,-17.2111,179.2511,-0.015427,0.010687,0,20.005
183,328.0,345.1095,-17.1799,178.9392,0.015736,-0.013973,0,19.998
184,330.0,343.322,-17.1534,179.1975,0.01909,-0.033914,0,19.993
185,332.0,341.5346,-17.1455,179.8442,0.011608,-0.035355,0,19.996
186,334.0,339.7464,-17.1534,-179.6529,-0.008375,-0.020897,0,20.003
187,336.0,337.9577,-17.1615,-179.7431,0.003319,-0.006267,0,20.006
188,338.0,336.169,-17.1696,-179.7341,-0.005399,0.008291,0,20.005
189,340.0,334.3805,-17.1752,-179.8455,-0.011498,0.020405,0,20.001
190,342.0,332.5924,-17.1709,179.8018,-0.006404,0.022639,0,19.998
191,344.0,330.8043,-17.1575,179.5157,0.003482,0.01575,0,19.998
192,344.0,329.0161,-17.1432,179.5354,-0.004831,0.007988,0,20.0
193,346.0,327.228,-17.1265,179.4406,0.011515,-0.002226,0,20.002
194,348.0,325.4397,-17.1156,179.6933,-0.009901,-0.00658,0,20.002
195,350.0,323.6516,-17.1025,179.5491,0.008393,-0.013244,0,20.0
196,352.0,321.8634,-17.0915,179.674,0.00996,-0.017689,0,19.999
197,354.0,320.0753,-17.0903,-179.9865,0.005734,-0.012336,0,20.0
198,356.0,318.2872,-17.0973,-179.7319,-0.010142,0.00111,0,20.001
199,358.0,316.499,-17.1003,-179.9325,0.003101,0.010624,0,20.001
200,360.0,314.7109,-17.1019,-179.9505,0.003661,0.018719,0,20.001
201,360.0,312.9228,-17.1068,-179.8287,-0.003245,0.030181,0,20.001
202,362.0,311.1347,-17.111,-179.8751,0.007709,0.040867,0,20.0
203,364.0,309.3465,-17.1193,-179.7048,-0.008689,0.055689,0,20.0
204,366.0,307.5584,-17.1247,-179.855,-0.004073,0.067629,0,19.999
205,368.0,305.7703,-17.1243,179.9549,-0.025658,0.07368,0,20.0
206,370.0,303.9825,-17.1046,179.2435,-0.001085,0.060575,0,19.996
207,372.0,302.1948,-17.0738,178.9546,0.010555,0.036225,0,19.999
208,374.0,300.4069,-17.0482,179.2045,0.022574,0.017191,0,20.001
209,376.0,298.6187,-17.0415,179.8959,-0.000608,0.016962,0,20.0
210,378.0,296.8306,-17.0437,-179.8869,-0.017598,0.025679,0,20.001
211,378.0,295.0425,-17.0351,179.6619,0.003752,0.023612,0,19.999
212,380.0,293.2544,-17.0226,179.583,0.008267,0.017573,0,20.0
213,382.0,291.4663,-17.0163,179.827,-0.000477,0.017804,0,20.001
214,384.0,289.6779,-17.0128,179.8995,-0.002031,0.020835,0,20.002
215,386.0,287.8895,-17.0082,179.8463,0.00115,0.022733,0,20.002
216,388.0,286.1012,-17.0037,179.8558,0.000156,0.024756,0,20.001
217,390.0,284.3131,-16.9997,179.8704,-0.001468,0.027253,0,20.0
218,392.0,282.525,-16.9947,179.8341,0.001617,0.028837,0,20.0
219,394.0,280.7368,-16.9904,179.8617,-0.000848,0.030955,0,20.0
220,394.0,278.9487,-16.986,179.8551,0.010543,0.033075,0,20.0
221,396.0,277.1606,-16.9884,-179.8779,0.000216,0.042033,0,20.0
222,398.0,275.3725,-16.9952,-179.7661,-0.014501,0.055314,0,20.0
223,400.0,273.5844,-16.9928,179.8643,0.012804,0.059409,0,19.999
224,402.0,271.7965,-16.9934,-179.9482,-0.000359,0.06661,0,19.998
225,404.0,270.0085,-16.9983,-179.8362,-0.012029,0.077971,0,20.0
226,406.0,268.2203,-16.9952,179.8532,-0.010644,0.081409,0,20.001
227,408.0,266.4322,-16.9804,179.4545,0.008321,0.073069,0,20.002
228,410.0,264.6441,-16.9663,179.5574,0.019738,0.065551,0,20.001
229,412.0,262.856,-16.9681,-179.8518,-0.007975,0.073873,0,19.998
230,412.0,261.0682,-16.9725,-179.8566,-0.017339,0.084786,0,19.997
231,414.0,259.2804,-16.9632,179.6228,-0.000209,0.081949,0,19.998
232,416.0,257.4923,-16.9469,179.4389,0.009124,0.072123,0,20.002
233,418.0,255.7039,-16.9356,179.665,-0.00027,0.067427,0,20.003
234,420.0,253.9155,-16.9275,179.7495,-0.008904,0.065792,0,20.003
235,422.0,252.1273,-16.9136,179.5195,-0.0006,0.058422,0,20.0
236,424.0,250.3391,-16.896,179.414,0.005895,0.04727,0,19.999
237,426.0,248.551,-16.8816,179.5568,0.008521,0.039447,0,19.999
238,428.0,246.7629,-16.8752,179.8381,-0.003933,0.039524,0,20.0
239,428.0,244.9748,-16.8697,179.8247,-0.008857,0.040574,0,20.001
240,430.0,243.1866,-16.8572,179.5588,0.003953,0.034613,0,20.001
241,432.0,241.3985,-16.8439,179.5706,0.011003,0.027799,0,20.001
242,434.0,239.6104,-16.8391,179.8924,-0.003853,0.029503,0,20.0
243,436.0,237.8223,-16.8361,179.9048,-0.017575,0.032973,0,19.999
244,438.0,236.0343,-16.8202,179.4148,0.01311,0.023661,0,19.998
245,440.0,234.2465,-16.8063,179.5771,0.012103,0.016268,0,19.997
246,442.0,232.4585,-16.8049,-179.9849,-0.001455,0.021339,0,20.0
247,444.0,230.6702,-16.8076,-179.8942,-0.022713,0.030516,0,20.002
248,446.0,228.8821,-16.7952,179.5083,0.023,0.02464,0,19.999
249,446.0,227.0945,-16.7894,179.8755,0.006149,0.025429,0,19.993
250,448.0,225.3068,-16.7959,-179.745,-0.012987,0.038374,0,19.998
251,450.0,223.5187,-16.7967,179.9906,-0.005349,0.045668,0,20.002
252,452.0,221.7302,-16.7894,179.724,0.009024,0.044884,0,20.006
253,454.0,219.9415,-16.7856,179.8984,0.000249,0.047619,0,20.004
254,456.0,218.1531,-16.7851,179.9928,-0.000648,0.053604,0,20.001
255,458.0,216.365,-16.7845,179.9831,-0.007508,0.059552,0,19.999
256,460.0,214.577,-16.7788,179.7811,0.001342,0.06034,0,19.998
257,462.0,212.789,-16.771,179.74,0.001317,0.059049,0,20.0
258,462.0,211.0008,-16.7642,179.7838,0.001104,0.058804,0,20.002
259,464.0,209.2124,-16.7586,179.8265,-0.008947,0.059747,0,20.002
260,466.0,207.4241,-16.7475,179.6051,0.011048,0.055147,0,20.001
261,468.0,205.636,-16.7404,179.8032,0.001548,0.054534,0,19.998
262,470.0,203.8479,-16.7383,179.9503,-0.012025,0.058944,0,19.999
263,472.0,202.0597,-16.7291,179.6585,0.001153,0.056216,0,19.999
264,474.0,200.2716,-16.7161,179.5684,0.002924,0.04977,0,20.001
265,476.0,198.4834,-16.705,179.65,0.007424,0.045229,0,20.002
266,478.0,196.6949,-16.7,179.8735,-0.007274,0.046695,0,20.002
267,480.0,194.9068,-16.6931,179.7605,-0.006282,0.046328,0,20.0
268,480.0,193.1187,-16.6795,179.5272,0.01953,0.039246,0,19.999
269,482.0,191.3309,-16.6764,179.9673,-0.002209,0.042616,0,19.996
270,484.0,189.543,-16.679,-179.8973,-0.008472,0.051793,0,19.998
271,486.0,187.7549,-16.6759,179.8698,-0.009785,0.055181,0,20.001
272,488.0,185.9665,-16.6631,179.5285,0.007355,0.048854,0,20.003
273,490.0,184.178,-16.6509,179.6168,-0.000626,0.043203,0,20.002
274,492.0,182.3899,-16.6406,179.6691,0.000268,0.039391,0,20.0
275,494.0,180.6018,-16.6303,179.6734,0.00078,0.035652,0,19.999
276,496.0,178.8136,-16.6208,179.6964,-0.000461,0.032631,0,19.999
277,496.0,177.0255,-16.6113,179.6924,0.016284,0.029628,0,20.0
278,498.0,175.2374,-16.6126,-179.8882,-0.002171,0.037468,0,19.999
279,500.0,173.4492,-16.6189,-179.7809,-0.016391,0.050296,0,20.0
280,502.0,171.6611,-16.6141,179.7795,-0.004911,0.052004,0,19.999
281,504.0,169.873,-16.5997,179.4854,0.009133,0.044108,0,20.001
282,506.0,168.0849,-16.5887,179.6649,0.017053,0.039623,0,20.001
283,508.0,166.2968,-16.5923,-179.8025,-0.014539,0.049689,0,20.0
284,510.0,164.5089,-16.5931,179.996,-0.004022,0.057015,0,19.997
285,512.0,162.7209,-16.5864,179.754,-0.003065,0.056861,0,19.999
286,512.0,160.9327,-16.5757,179.6259,0.012396,0.052688,0,20.002
287,514.0,159.1444,-16.5718,179.9151,0.011556,0.055225,0,20.002
288,516.0,157.3562,-16.5802,-179.6604,0.010377,0.070216,0,20.001
289,518.0,155.5681,-16.6009,-179.2665,-0.050183,0.097348,0,20.0
290,520.0,153.7815,-16.593,179.5557,-0.005808,0.096012,0,19.978
291,522.0,151.9952,-16.5623,178.9101,0.030713,0.071846,0,19.989
292,524.0,150.2077,-16.5478,179.6198,0.017306,0.063781,0,19.999
293,526.0,148.419,-16.5557,-179.6263,-0.030667,0.078264,0,20.013
294,528.0,146.6301,-16.5512,179.7708,-0.030386,0.080289,0,20.006
295,530.0,144.8422,-16.5157,178.6858,0.006842,0.05122,0,20.0
296,530.0,143.0547,-16.4716,178.5428,0.028669,0.013693,0,19.998
297,532.0,141.2672,-16.4475,179.3372,0.079435,-0.003915,0,19.995
298,534.0,139.4821,-16.4857,-178.3788,-0.085338,0.040806,0,19.967
299,536.0,137.701,-16.509,-179.4792,-0.028066,0.07053,0,19.912
300,538.0,135.918,-16.4843,179.0155,0.023101,0.052415,0,19.979
301,540.0,134.1286,-16.4622,179.2937,0.014311,0.036767,0,20.047
302,542.0,132.3345,-16.4562,179.8826,-0.00535,0.037282,0,20.074
303,544.0,130.5407,-16.4526,179.8994,-0.008145,0.040262,0,20.047
304,546.0,128.7507,-16.4425,179.6412,0.00412,0.036684,0,19.999
305,546.0,126.9644,-16.4321,179.6638,0.003752,0.032738,0,19.969
306,548.0,125.1791,-16.4253,179.7987,-0.001653,0.0325,0,19.974
307,550.0,123.3921,-16.419,179.7953,0.002896,0.032656,0,20.001
308,552.0,121.6026,-16.4141,179.8565,0.00744,0.034358,0,20.024
309,554.0,119.812,-16.4155,-179.9206,0.006509,0.042258,0,20.027
310,556.0,118.0221,-16.4244,-179.6737,-0.006656,0.057658,0,20.011
311,558.0,116.2339,-16.4318,-179.7771,-0.005964,0.071567,0,19.993
312,560.0,114.4468,-16.433,-179.9961,-0.006668,0.079279,0,19.986
313,562.0,112.6596,-16.4272,179.7662,0.003555,0.079941,0,19.993
314,564.0,110.8716,-16.4207,179.7882,0.002897,0.079953,0,20.004
315,564.0,109.0826,-16.4171,179.8961,-0.015054,0.082871,0,20.011
316,566.0,107.2937,-16.4045,179.5351,0.004356,0.076805,0,20.007
317,568.0,105.5053,-16.3891,179.4986,0.01442,0.067902,0,20.0
318,570.0,103.7175,-16.3844,179.9099,-0.009477,0.06978,0,19.995
319,572.0,101.9299,-16.379,179.8103,-0.002591,0.070897,0,19.994
320,574.0,100.1421,-16.3689,179.6549,-0.000871,0.067252,0,20.0
321,576.0,98.3537,-16.3569,179.6012,0.004848,0.06182,0,20.005
322,578.0,96.5651,-16.3476,179.7173,0.002421,0.059041,0,20.006
323,580.0,94.7766,-16.3418,179.829,-0.008439,0.059713,0,20.003
324,580.0,92.9884,-16.3314,179.6361,0.004876,0.055861,0,19.998
325,582.0,91.2006,-16.3212,179.6795,-0.001822,0.05217,0,19.997
326,584.0,89.4127,-16.3114,179.6767,-0.001057,0.048827,0,19.998
327,586.0,87.6246,-16.3002,179.6331,0.012408,0.044124,0,20.001
328,588.0,85.8363,-16.2969,179.9447,0.003324,0.047358,0,20.002
329,590.0,84.0481,-16.3007,-179.8438,-0.013037,0.057697,0,20.002
330,592.0,82.2599,-16.2976,179.8571,-0.003128,0.061155,0,19.999
331,594.0,80.4718,-16.2877,179.6461,-0.000476,0.057728,0,19.999
332,596.0,78.6838,-16.2757,179.595,0.00479,0.052193,0,20.0
333,598.0,76.8956,-16.2663,179.713,0.006965,0.049302,0,20.001
334,598.0,75.1073,-16.2633,179.9428,0.001156,0.052904,0,20.001
335,600.0,73.3191,-16.2642,-179.9539,-0.011854,0.060274,0,20.001
336,602.0,71.531,-16.258,179.753,0.012303,0.060542,0,19.999
337,604.0,69.7431,-16.2555,179.9545,0.004999,0.06462,0,19.997
338,606.0,67.9551,-16.2608,-179.7972,-0.02694,0.076425,0,19.999
339,608.0,66.1674,-16.2504,179.5613,0.004589,0.07249,0,19.995
340,610.0,64.3796,-16.2328,179.4135,0.010935,0.061469,0,19.998
341,612.0,62.5914,-16.2233,179.7304,0.006513,0.058469,0,20.002
342,614.0,60.803,-16.2223,-179.9875,0.008897,0.063925,0,20.005
343,614.0,59.0144,-16.2304,-179.6835,-0.021771,0.078543,0,20.003
344,616.0,57.2264,-16.2279,179.8451,0.001281,0.082598,0,19.996
345,618.0,55.4387,-16.2183,179.6646,0.002291,0.07951,0,19.996
346,620.0,53.6508,-16.2099,179.7259,-0.025926,0.077614,1,20.0
347,622.0,51.863,-16.1846,179.0766,-0.003065,0.058851,1,19.998
348,624.0,50.0752,-16.1471,178.7371,0.013853,0.027829,1,20.002
349,626.0,48.2872,-16.1165,179.0527,0.01357,0.003697,1,20.003
350,628.0,46.4989,-16.0998,179.5434,0.006165,-0.006447,1,20.002
351,630.0,44.7105,-16.0932,179.8488,0.000362,-0.006485,1,20.002
352,630.0,42.9223,-16.0903,179.9285,-0.002347,-0.002885,1,20.001
353,632.0,41.1341,-16.0866,179.8747,-0.00218,-0.000101,1,20.0
354,634.0,39.346,-16.0807,179.7944,-0.000273,0.000464,1,20.0
355,636.0,37.5578,-16.0736,179.7639,0.000687,-0.00011,1,20.001
356,638.0,35.7696,-16.0667,179.7778,0.00046,-0.000479,1,20.001
357,640.0,33.9814,-16.0603,179.7966,-1.4e-05,-0.000329,1,20.001
358,642.0,32.1932,-16.0542,179.8013,-0.000204,1.5e-05,1,20.0
359,644.0,30.405,-16.0479,179.7961,-0.000152,0.000251,1,20.0
360,646.0,28.6169,-16.0414,179.7901,-4.7e-05,0.000312,1,20.0
361,648.0,26.8287,-16.0349,179.7872,1.7e-05,0.000271,1,20.0
362,648.0,25.0406,-16.0283,179.787,8e-06,0.000215,1,20.0
363,650.0,23.2524,-16.0217,179.7874,2.8e-05,0.000165,1,20.0
364,652.0,21.4642,-16.0152,179.7882,2.2e-05,0.000135,1,20.0
365,654.0,19.6761,-16.0087,179.7891,6e-06,0.000131,1,20.0
366,656.0,17.8879,-16.0022,179.7895,-3e-06,0.000137,1,20.0
367,658.0,16.0998,-15.9957,179.7895,-3e-06,0.000146,1,20.0
368,660.0,14.3116,-15.9892,179.7894,-1e-06,0.000156,1,20.0
369,662.0,12.5235,-15.9827,179.7894,-2e-06,0.000165,1,20.0
370,664.0,10.7353,-15.9762,179.7892,0.0,0.000173,1,20.0
371,664.0,8.9471,-15.9697,179.7892,-3.9e-05,0.000183,1,20.0
372,666.0,7.159,-15.9631,179.7882,5e-06,0.000164,1,20.0
373,668.0,5.3709,-15.9566,179.788,2.9e-05,0.000133,1,20.0
374,670.0,3.5827,-15.9501,179.7888,1.6e-05,0.000121,1,20.0
375,672.0,1.7946,-15.9435,179.7894,-0.0,0.000128,1,20.0
376,674.0,0.0064,-15.937,179.7896,-5e-06,0.000137,1,20.0
377,676.0,-1.7817,-15.9305,179.7895,-2e-06,0.000148,1,20.0
378,678.0,-3.5699,-15.924,179.7895,-3e-06,0.000159,1,20.0
379,680.0,-5.358,-15.9175,179.7893,0.0,0.000164,1,20.0
380,682.0,-7.1462,-15.911,179.7893,-0.0,0.000175,1,20.0
381,682.0,-8.9343,-15.9045,179.7893,-3.6e-05,0.000184,1,20.0
382,684.0,-10.7225,-15.898,179.7883,5e-06,0.000166,1,20.0
383,686.0,-12.5106,-15.8915,179.788,2.7e-05,0.000135,1,20.0
384,688.0,-14.2988,-15.8849,179.7888,1.5e-05,0.000125,1,20.0
385,690.0,-16.0869,-15.8784,179.7894,-1e-06,0.000133,1,20.0
386,692.0,-17.8751,-15.8719,179.7896,-6e-06,0.000145,1,20.0
387,694.0,-19.6632,-15.8654,179.7894,-2e-06,0.000156,1,20.0
388,696.0,-21.4514,-15.8589,179.7893,-1e-06,0.000166,1,20.0
389,698.0,-23.2395,-15.8524,179.7893,-1e-06,0.000175,1,20.0
390,698.0,-25.0277,-15.8459,179.7893,-4.1e-05,0.000184,1,20.0
391,700.0,-26.8158,-15.8394,179.7881,8e-06,0.000164,1,20.0
392,702.0,-28.604,-15.8328,179.788,3e-05,0.000132,1,20.0
393,704.0,-30.3922,-15.8263,179.7888,1.5e-05,0.000122,1,20.0
394,706.0,-32.1803,-15.8198,179.7895,-2e-06,0.00013,1,20.0
395,708.0,-33.9685,-15.8133,179.7896,0.00342,0.000146,0,20.0
396,710.0,-35.7567,-15.8091,179.8789,0.009496,0.002477,0,20.0
397,712.0,-37.5448,-15.8127,-179.8388,0.001999,0.012591,0,19.999
398,714.0,-39.3329,-15.8216,-179.6887,-0.01438,0.028005,0,20.0
399,716.0,-41.1209,-15.8222,179.9625,-0.004459,0.035056,0,19.998
400,716.0,-42.9089,-15.8143,179.7024,0.000884,0.033685,0,20.0
401,718.0,-44.6971,-15.8046,179.6726,0.002076,0.030497,0,20.001
402,720.0,-46.4854,-15.7961,179.7329,-0.001618,0.028559,0,20.001
403,722.0,-48.2736,-15.7873,179.7119,0.01795,0.026261,0,20.001
404,724.0,-50.0616,-15.7901,-179.8366,-0.001781,0.035519,0,19.997
405,726.0,-51.8495,-15.7987,-179.703,-0.010442,0.050651,0,19.998
406,728.0,-53.6375,-15.8004,-179.9835,-0.008335,0.058881,0,19.999
407,730.0,-55.4257,-15.7926,179.6933,0.005973,0.057598,0,20.002
408,732.0,-57.214,-15.785,179.7592,0.002313,0.056545,0,20.002
409,732.0,-59.0023,-15.7808,179.8751,-0.000649,0.05881,0,20.001
410,734.0,-60.7905,-15.7771,179.8845,-0.011383,0.061648,0,20.0
411,736.0,-62.5785,-15.7657,179.5827,0.010592,0.05674,0,19.998
412,738.0,-64.3664,-15.7569,179.7435,-0.000887,0.054499,0,19.997
413,740.0,-66.1544,-15.7512,179.8211,0.002639,0.055294,0,19.999
414,742.0,-67.9426,-15.7472,179.8864,-0.007369,0.057814,0,20.002
415,744.0,-69.7309,-15.7394,179.7207,-0.001553,0.056536,0,20.002
416,746.0,-71.5192,-15.7278,179.6071,0.018386,0.05142,0,20.001
417,748.0,-73.3072,-15.7276,-179.9347,-0.015881,0.057761,0,19.997
418,750.0,-75.0949,-15.7238,179.8366,-0.002249,0.060466,0,19.994
419,750.0,-76.8827,-15.7131,179.6277,0.004397,0.05621,0,19.998
420,752.0,-78.6709,-15.704,179.7118,0.018473,0.053616,0,20.003
421,754.0,-80.4593,-15.7087,-179.7651,-0.020141,0.064849,0,20.003
422,756.0,-82.2473,-15.7073,179.9005,-0.00775,0.069983,0,19.997
423,758.0,-84.0351,-15.6937,179.5058,0.029157,0.062888,0,19.998
424,760.0,-85.8227,-15.696,-179.8279,-0.013178,0.071673,0,19.994
425,762.0,-87.6103,-15.7001,-179.8826,-0.02465,0.082363,0,19.996
426,764.0,-89.3981,-15.6837,179.3601,0.003854,0.072455,0,20.0
427,766.0,-91.1864,-15.6601,179.2066,0.047797,0.055307,0,20.006
428,766.0,-92.9741,-15.6679,-179.5546,-0.013265,0.069613,0,19.992
429,768.0,-94.7612,-15.6852,-179.4205,-0.036924,0.093492,0,19.991
430,770.0,-96.5484,-15.6749,179.517,-0.007323,0.089685,0,19.993
431,772.0,-98.3364,-15.6454,178.9506,0.034217,0.066686,0,20.007
432,774.0,-100.1249,-15.634,179.741,0.001909,0.061769,0,20.005
433,776.0,-101.9136,-15.6362,-179.8708,-0.019928,0.07053,0,20.006
434,778.0,-103.702,-15.6272,179.6488,-0.001606,0.06805,0,20.002
435,780.0,-105.4902,-15.61,179.4084,0.004663,0.057335,0,20.001
436,782.0,-107.2784,-15.5944,179.5031,0.006641,0.048296,0,20.002
437,782.0,-109.0668,-15.5848,179.722,0.004517,0.045138,0,20.003
438,784.0,-110.8552,-15.5809,179.9096,0.003705,0.047814,0,20.003
439,786.0,-112.6436,-15.5818,-179.9441,-0.001506,0.055213,0,20.002
440,788.0,-114.4319,-15.5835,-179.9432,-0.008649,0.063443,0,20.001
441,790.0,-116.2201,-15.5791,179.8181,0.001643,0.065524,0,20.0
442,792.0,-118.0082,-15.5724,179.773,0.005414,0.065299,0,20.0
443,794.0,-119.7964,-15.5695,179.9262,-0.004806,0.068942,0,20.001
444,796.0,-121.5847,-15.5654,179.856,0.006291,0.071391,0,20.001
445,798.0,-123.373,-15.564,179.9746,-0.003558,0.076457,0,20.001
446,800.0,-125.1613,-15.5625,179.9429,-0.005062,0.081488,0,20.001
447,800.0,-126.9494,-15.5564,179.7779,-0.016944,0.081912,0,20.0
448,802.0,-128.7374,-15.5368,179.2842,0.001268,0.068833,0,19.999
449,804.0,-130.5252,-15.5111,179.1436,-0.003235,0.049581,0,20.0
450,806.0,-132.3132,-15.4827,179.0625,0.021777,0.027689,0,20.001
451,808.0,-134.1011,-15.4673,179.5952,0.013024,0.018864,0,19.998
452,810.0,-135.8891,-15.4692,-179.848,-0.002086,0.02727,0,19.999
453,812.0,-137.6773,-15.4759,-179.7592,0.002759,0.040444,0,20.001
454,814.0,-139.4656,-15.4847,-179.7004,-0.008987,0.055744,0,20.002
455,816.0,-141.2539,-15.4887,-179.9074,-0.015406,0.066294,0,20.001
456,816.0,-143.042,-15.4789,179.6022,0.001656,0.063023,0,19.999
457,818.0,-144.8299,-15.4637,179.4852,-0.002862,0.054363,0,19.999
458,820.0,-146.618,-15.4463,179.4185,0.007499,0.043484,0,20.0
459,822.0,-148.4061,-15.4326,179.5855,-0.001171,0.036278,0,20.001
460,824.0,-150.1944,-15.4209,179.6291,-0.005631,0.031098,0,20.001
461,826.0,-151.9825,-15.4053,179.4743,0.008773,0.021956,0,20.001
462,828.0,-153.7706,-15.3934,179.6457,0.008029,0.016585,0,20.0
463,830.0,-155.5587,-15.3902,179.9407,-0.000484,0.019852,0,19.999
464,832.0,-157.3469,-15.3901,-179.9862,-0.000877,0.026306,0,20.0
465,834.0,-159.1351,-15.3898,179.9906,0.004164,0.032537,0,20.001
466,834.0,-160.9234,-15.3922,-179.9094,-0.004036,0.041403,0,20.001
467,836.0,-162.7116,-15.3934,-179.9731,-0.014294,0.049173,0,20.0
468,838.0,-164.4997,-15.3836,179.6161,-0.003521,0.045873,0,19.999
469,840.0,-166.2876,-15.3656,179.3779,0.008702,0.034398,0,19.999
470,842.0,-168.0757,-15.3513,179.5612,0.010714,0.02662,0,20.0
471,844.0,-169.8638,-15.3473,179.9259,-0.003695,0.02907,0,20.001
472,846.0,-171.6519,-15.3453,179.9423,-0.004737,0.033588,0,20.001
473,848.0,-173.44,-15.3393,179.7873,0.010412,0.034119,0,20.001
474,850.0,-175.2282,-15.3385,-179.9908,-0.005019,0.039861,0,19.999
475,850.0,-177.0163,-15.3382,179.9806,-0.011283,0.046071,0,19.999
476,852.0,-178.8044,-15.3287,179.6413,0.003614,0.043073,0,19.999
477,854.0,-180.5926,-15.3171,179.6194,0.001565,0.037987,0,20.0
478,856.0,-182.3807,-15.3074,179.6905,-0.009355,0.034768,0,20.001
479,858.0,-184.1688,-15.2919,179.464,0.005903,0.025784,0,20.001
480,860.0,-185.9569,-15.2768,179.5245,-0.012897,0.017186,0,20.0
481,862.0,-187.7448,-15.2549,179.2433,0.004561,0.001808,0,19.998
482,864.0,-189.5326,-15.2311,179.2351,0.007127,-0.015495,0,19.999
483,866.0,-191.3207,-15.2133,179.4603,0.010179,-0.026711,0,20.001
484,868.0,-193.1089,-15.2053,179.7998,0.005489,-0.028238,0,20.002
485,868.0,-194.8974,-15.2054,-179.95,0.002149,-0.021589,0,20.002
486,870.0,-196.6856,-15.2099,-179.8324,-0.009861,-0.010636,0,20.001
487,872.0,-198.4737,-15.209,179.9356,0.006488,-0.004987,0,19.999
488,874.0,-200.2618,-15.2089,-179.9933,0.0043,0.001386,0,19.998
489,876.0,-202.0499,-15.2138,-179.8207,-0.002509,0.012828,0,20.0
490,878.0,-203.8381,-15.2189,-179.8395,-0.014492,0.024416,0,20.001
491,880.0,-205.6262,-15.2135,179.7603,0.005775,0.025634,0,20.0
492,882.0,-207.4143,-15.2062,179.7635,0.010958,0.026568,0,20.0
493,884.0,-209.2024,-15.2079,-179.9005,0.002813,0.032084,0,20.0
494,884.0,-210.9906,-15.2158,-179.7136,-0.007151,0.034214,0,20.0
495,886.0,-212.7787,-15.2207,-179.8656,0.007844,0.032853,0,20.001
496,888.0,-214.5668,-15.2283,-179.7314,-0.010056,0.033658,0,20.0
497,890.0,-216.3549,-15.2321,-179.9179,0.002178,0.030527,0,19.999
498,892.0,-218.1431,-15.2335,-179.9586,-0.007586,0.025171,0,20.0
499,894.0,-219.9312,-15.2304,179.8603,-0.0154,0.016926,0,20.0
500,896.0,-221.7193,-15.2137,179.3836,0.008535,0.001495,0,20.0
501,898.0,-223.5074,-15.1964,179.4466,0.005995,-0.007858,0,19.999
502,900.0,-225.2955,-15.1856,179.6807,-0.007273,-0.003242,0,20.0
503,902.0,-227.0836,-15.1723,179.5557,-0.000517,-0.000338,0,20.001
504,902.0,-228.8717,-15.1562,179.4722,-0.0018,-0.000254,0,20.001
505,904.0,-230.6599,-15.1385,179.4162,0.013637,-0.00182,0,20.001
506,906.0,-232.448,-15.1291,179.7524,-0.008627,0.004951,0,19.999
507,908.0,-234.2359,-15.1191,179.6641,-0.006302,0.011188,0,19.998
508,910.0,-236.0238,-15.1022,179.4199,0.003064,0.010364,0,20.0
509,912.0,-237.8119,-15.0846,179.432,0.009487,0.008956,0,20.001
510,914.0,-239.6002,-15.0742,179.7066,-0.001742,0.014734,0,20.002
511,916.0,-241.3884,-15.0664,179.7584,-0.001289,0.023104,0,20.001
512,918.0,-243.1765,-15.0575,179.7124,0.002173,0.030418,0,20.0
513,918.0,-244.9646,-15.0497,179.7555,0.002196,0.038806,0,20.0
514,920.0,-246.7527,-15.0442,179.8341,-0.00051,0.049476,0,20.0
515,922.0,-248.5409,-15.0394,179.8442,-0.006744,0.060758,0,20.0
516,924.0,-250.329,-15.0299,179.6643,-0.004546,0.067423,0,20.0
517,926.0,-252.1171,-15.0146,179.4772,0.013122,0.068354,0,20.0
518,928.0,-253.9052,-15.0061,179.7692,-0.013016,0.075997,0,19.999
519,930.0,-255.6931,-14.9936,179.56,-0.026625,0.079481,0,19.997
520,932.0,-257.4805,-14.9586,178.7451,-0.027001,0.055645,0,19.995
521,934.0,-259.2671,-14.8946,177.7704,-0.007034,0.018636,0,19.998
522,936.0,-261.0534,-14.8135,177.3006,-0.012757,-0.010719,0,20.003
523,938.0,-262.8395,-14.7191,176.8814,-0.010623,-0.028705,0,20.005
524,938.0,-264.6248,-14.6116,176.4707,-0.026682,-0.019174,0,20.003
525,940.0,-266.408,-14.481,175.6639,-0.034192,-0.022117,0,19.996
526,942.0,-268.1878,-14.3163,174.5045,-0.008039,-0.034717,0,19.991
527,944.0,-269.9659,-14.1312,173.9371,-0.017124,-0.043163,0,19.998
528,946.0,-271.7427,-13.9291,173.3908,-0.051095,-0.043966,0,20.003
529,948.0,-273.5135,-13.6853,171.8972,-0.02124,-0.062147,0,19.991
530,950.0,-275.2793,-13.4065,170.826,0.024311,-0.091159,0,19.998
531,952.0,-277.0461,-13.1325,171.2141,0.005861,-0.090481,0,19.999
532,954.0,-278.8151,-12.8698,171.5982,-0.087546,-0.053684,0,20.006
533,956.0,-280.5721,-12.5554,169.4967,-0.006477,-0.045303,0,19.95
534,958.0,-282.3216,-12.2033,168.4524,0.009598,-0.050734,0,19.976
535,960.0,-284.0744,-11.8506,168.5905,-0.017946,-0.031465,0,20.017
536,962.0,-285.828,-11.4872,168.2136,-0.046766,0.002254,0,20.037
537,964.0,-287.573,-11.0865,166.8303,-0.051671,0.022361,0,20.018
538,964.0,-289.3031,-10.6341,165.0216,-0.012673,0.028715,0,19.992
539,966.0,-291.0239,-10.1515,164.1498,-0.009254,0.014879,0,19.988
540,968.0,-292.7409,-9.6546,163.751,-0.017804,0.010848,0,19.998
541,970.0,-294.4539,-9.1406,163.1855,-0.03341,0.013943,0,20.008
542,972.0,-296.1584,-8.5975,162.1349,-0.014863,0.011325,0,20.008
543,974.0,-297.8553,-8.0312,161.4024,-0.024593,0.009027,0,20.008
544,976.0,-299.5439,-7.4417,160.595,-0.015972,0.006868,0,20.002
545,978.0,-301.2248,-6.8317,159.9225,-0.013192,0.007382,0,19.999
546,980.0,-302.8997,-6.2059,159.4038,-0.026614,0.015668,0,20.0
547,982.0,-304.5659,-5.5572,158.5706,-0.031664,0.024128,0,19.999
548,984.0,-306.2198,-4.8781,157.4749,-0.027606,0.024374,0,19.999
549,986.0,-307.8612,-4.1687,156.426,-0.01728,0.01654,0,20.001
550,988.0,-309.4929,-3.4365,155.6807,-0.019104,0.008687,0,20.005
551,990.0,-311.1157,-2.6844,154.9933,-0.01195,0.003669,0,20.004
552,990.0,-312.7311,-1.9168,154.4789,-0.02631,0.020663,0,20.003
553,992.0,-314.3357,-1.128,153.6644,-0.024816,0.025919,0,19.997
554,994.0,-315.9274,-0.3141,152.7485,-0.02479,0.027664,0,19.996
555,996.0,-317.5063,0.5248,151.8407,-0.003606,0.025959,0,19.999
556,998.0,-319.0789,1.3763,151.4827,-0.029035,0.03482,0,20.004
557,1000.0,-320.6404,2.2477,150.6792,-0.062338,0.045605,0,20.0
558,1002.0,-322.1737,3.1649,148.7855,-0.01151,0.027307,0,19.98
559,1004.0,-323.6897,4.1109,147.8503,-0.016301,-0.000111,0,19.993
560,1006.0,-325.1965,5.0739,147.2753,-0.015309,-0.022068,0,20.008
561,1008.0,-326.6941,6.0532,146.7036,-0.011379,-0.038114,0,20.016
562,1010.0,-328.1835,7.0451,146.2428,-0.002997,-0.044443,0,20.012
563,1012.0,-329.668,8.0431,146.0405,-0.001474,-0.031339,0,20.002
564,1014.0,-331.1501,9.0432,145.9648,-0.019908,0.001936,0,19.995
565,1016.0,-332.6236,10.0549,145.4306,-0.018924,0.021497,0,19.991
566,1016.0,-334.0854,11.0837,144.7372,0.009611,0.02022,0,19.997
567,1018.0,-335.5464,12.1146,144.7861,-0.028416,0.020621,0,20.003
568,1020.0,-336.9978,13.1591,144.136,-0.052661,0.025335,0,20.0
569,1022.0,-338.4211,14.2402,142.4999,-0.032374,0.031007,0,19.988
570,1024.0,-339.8175,15.3559,141.1214,-0.069212,0.042222,0,19.996
571,1026.0,-341.1739,16.5186,138.9972,-0.035535,0.040867,0,19.982
572,1028.0,-342.4954,17.722,137.3721,-0.032961,0.035187,0,20.001
573,1030.0,-343.7906,18.9559,136.1235,-0.0595,0.038481,0,20.014
574,1032.0,-345.0462,20.2294,134.2416,-0.044573,0.035139,0,20.001
575,1034.0,-346.2612,21.5411,132.4791,-0.04651,0.025337,0,19.999
576,1036.0,-347.4372,22.8876,130.8,-0.041401,0.012523,0,19.996
577,1038.0,-348.5755,24.2663,129.2392,-0.039964,-0.000555,0,20.0
578,1040.0,-349.6778,25.6744,127.7647,-0.036408,-0.010845,0,20.004
579,1042.0,-350.7458,27.109,126.398,-0.025999,-0.015068,0,20.006
580,1044.0,-351.7858,28.5644,125.3347,-0.024289,-0.004797,0,20.007
581,1046.0,-352.8018,30.0365,124.4211,-0.081284,0.025411,0,20.005
582,1048.0,-353.7628,31.5417,122.1353,-0.042404,0.040843,0,19.964
583,1050.0,-354.671,33.079,120.2268,-0.036425,0.043416,0,19.983
584,1052.0,-355.5409,34.641,118.8164,-0.051577,0.049815,0,20.011
585,1054.0,-356.365,36.2292,117.0959,-0.046533,0.052789,0,20.018
586,1056.0,-357.1408,37.8419,115.3577,-0.023179,0.050949,0,20.014
587,1058.0,-357.8824,39.4701,114.2604,-0.046648,0.060907,0,20.008
588,1060.0,-358.5834,41.1147,112.797,-0.046734,0.076273,0,19.989
589,1062.0,-359.236,42.778,111.1116,-0.059632,0.088898,0,19.985
590,1064.0,-359.8314,44.4623,109.0871,-0.050752,0.089733,0,19.986
591,1064.0,-360.3697,46.1668,107.1593,-0.041764,0.105836,0,20.002
592,1066.0,-360.8586,47.8877,105.5393,-0.081066,0.094376,0,20.016
593,1068.0,-361.276,49.6258,103.0297,-0.013023,0.058643,0,19.987
594,1070.0,-361.6507,51.3735,101.8641,-0.023557,0.028407,0,19.998
595,1072.0,-362.0002,53.1274,101.0758,-0.028233,0.021497,0,20.008
596,1074.0,-362.3196,54.8878,100.096,-0.049111,0.033142,0,20.013
597,1076.0,-362.5939,56.6552,98.5326,-0.0998,0.048424,0,20.001
598,1078.0,-362.7826,58.4299,95.5279,-0.036952,0.027146,0,19.951
599,1080.0,-362.9053,60.2107,93.5678,-0.001583,-0.01135,0,19.984
600,1082.0,-363.0067,61.9966,93.1025,-0.015898,-0.02217,0,20.025
601,1084.0,-363.093,63.7859,92.6485,-0.012261,-0.001626,0,20.041
602,1086.0,-363.1636,65.5759,92.1655,-0.013056,0.031625,0,20.029
603,1088.0,-363.2195,67.3645,91.6923,0.003709,0.050949,0,20.002
604,1090.0,-363.2715,69.1512,91.6498,-0.014555,0.066439,0,19.984
605,1092.0,-363.3142,70.9372,91.301,0.011101,0.072637,0,19.984
606,1094.0,-363.3586,72.7239,91.445,-0.018664,0.080498,0,19.997
607,1096.0,-363.3941,74.512,91.0639,-0.001144,0.079408,0,20.009
608,1096.0,-363.4218,76.3011,90.8515,0.017333,0.070496,0,20.015
609,1098.0,-363.4599,78.0899,91.2809,-0.003171,0.072077,0,20.009
610,1100.0,-363.5023,79.8779,91.3718,-0.010533,0.077959,0,20.0
611,1102.0,-363.5371,81.6654,91.0746,0.006468,0.076193,0,19.994
612,1104.0,-363.5723,83.4528,91.1359,-0.010763,0.074797,0,19.996
613,1106.0,-363.6022,85.2405,90.9149,-0.000683,0.068145,0,20.0
614,1108.0,-363.6276,87.0288,90.7915,-0.010528,0.056929,0,20.005
615,1110.0,-363.6451,88.8173,90.5044,0.007043,0.037586,0,20.006
616,1112.0,-363.663,90.6058,90.581,0.006983,0.016893,0,20.002
617,1112.0,-363.6878,92.3938,90.8286,-0.006538,0.012449,0,19.999
618,1114.0,-363.7111,94.1816,90.7322,-0.007619,0.009442,0,19.998
619,1116.0,-363.7271,95.9695,90.4714,-0.004715,0.005642,0,19.999
620,1118.0,-363.7368,97.7577,90.268,-0.001211,0.001786,0,20.002
621,1120.0,-363.7432,99.546,90.1842,-0.000986,0.001155,0,20.003
622,1122.0,-363.7481,101.3345,90.1433,-0.004257,0.005324,0,20.002
623,1124.0,-363.7495,103.1227,90.0213,-0.008271,0.012423,0,20.0
624,1126.0,-363.7435,104.9108,89.7618,0.001091,0.018508,0,19.999
625,1128.0,-363.7348,106.6988,89.7043,-0.001094,0.028779,0,19.999
626,1130.0,-363.7252,108.4869,89.6821,-0.010101,0.045378,0,20.0
627,1130.0,-363.7082,110.275,89.408,-0.013686,0.055205,0,20.0
628,1132.0,-363.678,112.0629,88.949,0.004219,0.051774,0,20.0
629,1134.0,-363.6445,113.8508,88.9154,0.009938,0.045071,0,20.0
630,1136.0,-363.6187,115.6387,89.2093,0.006552,0.046047,0,20.0
631,1138.0,-363.6012,117.4268,89.4825,-0.012962,0.055292,0,20.0
632,1140.0,-363.578,119.2147,89.2168,-0.002429,0.058864,0,19.999
633,1142.0,-363.5486,121.0026,89.0265,-0.003266,0.056237,0,20.0
634,1144.0,-363.5155,122.7904,88.9097,0.003665,0.049949,0,20.001
635,1146.0,-363.4832,124.5784,88.9706,-0.001252,0.044436,0,20.001
636,1148.0,-363.4512,126.3663,88.973,0.001169,0.039268,0,20.001
637,1148.0,-363.4197,128.1543,88.9928,0.003041,0.034508,0,20.0
638,1150.0,-363.3907,129.9422,89.0835,-0.010156,0.03228,0,20.0
639,1152.0,-363.356,131.73,88.8502,0.00088,0.024464,0,19.999
640,1154.0,-363.3182,133.5176,88.7723,0.013216,0.01344,0,20.0
641,1156.0,-363.2892,135.3055,89.1199,0.005108,0.011214,0,20.0
642,1158.0,-363.2688,137.0936,89.3868,-0.002322,0.017532,0,20.001
643,1160.0,-363.2494,138.8817,89.3851,-0.009501,0.024985,0,20.001
644,1162.0,-363.2233,140.6697,89.1172,0.000767,0.02559,0,20.0
645,1164.0,-363.1938,142.4577,89.0401,0.003506,0.022966,0,20.0
646,1164.0,-363.1666,144.2456,89.1342,0.000609,0.022508,0,20.0
647,1166.0,-363.1409,146.0336,89.1857,0.002855,0.023636,0,20.0
648,1168.0,-363.1176,147.8216,89.2684,0.005195,0.027077,0,20.0
649,1170.0,-363.099,149.6097,89.4333,0.003519,0.035295,0,20.0
650,1172.0,-363.0851,151.3978,89.5794,-0.000171,0.048174,0,20.0
651,1174.0,-363.0727,153.186,89.6136,-0.020034,0.062579,0,20.0
652,1176.0,-363.0472,154.9737,89.0933,-0.008371,0.063831,0,19.997
653,1178.0,-363.0081,156.7613,88.6733,0.013929,0.051523,0,19.999
654,1180.0,-362.9741,158.549,88.9403,0.015654,0.044287,0,19.999
655,1182.0,-362.9554,160.337,89.483,-0.008398,0.052387,0,20.001
656,1182.0,-362.9377,162.1251,89.4292,-0.002706,0.061486,0,20.001
657,1184.0,-362.9158,163.9133,89.2827,-0.001312,0.066322,0,20.001
658,1186.0,-362.8919,165.7014,89.2169,0.000462,0.069223,0,20.001
659,1188.0,-362.8675,167.4895,89.214,-0.009863,0.071605,0,20.001
660,1190.0,-362.8364,169.2774,88.9607,-0.003331,0.067362,0,19.999
661,1192.0,-362.7993,171.0652,88.7742,0.006776,0.056986,0,20.0
662,1194.0,-362.7649,172.853,88.9119,0.004094,0.049354,0,20.0
663,1196.0,-362.7356,174.641,89.0852,-0.002876,0.046851,0,20.001
664,1198.0,-362.7062,176.4291,89.055,0.001633,0.044272,0,20.001
665,1198.0,-362.6771,178.2172,89.0711,0.010827,0.041928,0,20.001
666,1200.0,-362.6559,180.0053,89.3683,-0.011117,0.047559,0,19.999
667,1202.0,-362.6316,181.7931,89.1889,-0.011425,0.049997,0,19.998
668,1204.0,-362.5956,183.5807,88.785,0.009099,0.040868,0,19.999
669,1206.0,-362.561,185.3684,88.9011,0.011912,0.03302,0,20.0
670,1208.0,-362.5373,187.1565,89.2968,-0.001051,0.036043,0,20.001
671,1210.0,-362.5178,188.9446,89.3942,-0.003653,0.043368,0,20.002
672,1212.0,-362.4962,190.7327,89.295,0.002611,0.048536,0,20.001
673,1214.0,-362.475,192.5208,89.3261,0.002158,0.054175,0,20.0
674,1216.0,-362.4562,194.309,89.4069,-0.005001,0.062141,0,20.0
675,1216.0,-362.435,196.0969,89.2995,0.010157,0.067725,0,19.999
676,1218.0,-362.4188,197.885,89.5149,0.021218,0.078314,0,19.999
677,1220.0,-362.4206,199.6729,90.166,-0.016551,0.10693,0,19.998
678,1222.0,-362.4202,201.4607,89.955,-0.085893,0.13409,0,19.996
679,1224.0,-362.3604,203.2446,87.6886,-0.069397,0.111484,0,19.953
680,1226.0,-362.2209,205.0233,85.0615,-0.035298,0.080366,0,19.97
681,1228.0,-362.0264,206.8004,83.4148,-0.093038,0.077587,0,20.015
682,1230.0,-361.7538,208.5671,80.7019,-0.048659,0.079491,0,19.993
683,1232.0,-361.4101,210.3221,78.5107,-0.100831,0.092771,0,20.011
684,1234.0,-360.9793,212.0555,75.4515,-0.092336,0.099697,0,19.97
685,1236.0,-360.4486,213.7594,72.0836,-0.055504,0.085598,0,19.971
686,1238.0,-359.8422,215.4408,69.6908,-0.078369,0.075894,0,20.012
687,1240.0,-359.1603,217.0947,67.0802,-0.024358,0.069329,0,20.017
688,1242.0,-358.4301,218.7297,65.6368,-0.073754,0.094663,0,20.033
689,1244.0,-357.644,220.3363,63.4897,-0.047046,0.140632,0,19.994
690,1246.0,-356.8019,221.9128,61.5303,-0.229634,0.206381,0,19.991
691,1248.0,-355.8455,223.404,56.2257,-0.059982,0.21208,0,19.734
692,1250.0,-354.7771,224.8168,52.3177,-0.041971,0.162803,0,19.908
693,1252.0,-353.6493,226.2069,50.5161,-0.01948,0.135208,0,20.117
694,1254.0,-352.484,227.5846,49.5459,-0.09979,0.155141,0,20.209
695,1256.0,-351.266,228.9106,46.8948,-0.109121,0.185935,0,20.079
696,1258.0,-349.9767,230.1477,43.1369,-0.054658,0.187028,0,19.93
697,1260.0,-348.6358,231.3182,40.6102,-0.053514,0.186836,0,19.909
698,1262.0,-347.2517,232.4408,38.632,-0.047748,0.204889,0,19.968
699,1264.0,-345.8264,233.5222,36.8345,-0.119392,0.248127,0,20.05
700,1266.0,-344.3432,234.5241,33.3879,-0.145648,0.276412,0,20.015
701,1268.0,-342.7888,235.4005,28.5444,-0.103961,0.243351,0,19.95
702,1270.0,-341.1746,236.1606,24.4286,-0.021397,0.162224,0,19.978
703,1272.0,-339.5289,236.8637,22.7484,-0.020629,0.099208,0,20.047
704,1274.0,-337.8672,237.5403,21.9335,-0.022148,0.076016,0,20.076
705,1276.0,-336.1956,238.1921,21.1321,-0.027892,0.059424,0,20.055
706,1278.0,-334.5165,238.8151,20.1719,-0.042173,0.03002,0,20.009
707,1280.0,-332.8276,239.3981,18.79,-0.034551,5.8e-05,0,19.972
708,1282.0,-331.1267,239.9412,17.459,-0.033319,-0.030451,0,19.975
709,1284.0,-329.413,240.4478,16.2266,-0.024512,-0.058487,0,20.003
710,1284.0,-327.6877,240.9241,15.2353,-0.021956,-0.038118,0,20.03
711,1286.0,-325.9541,241.3747,14.3978,-0.041015,-0.032158,0,20.034
712,1288.0,-324.2126,241.7879,13.1013,-0.045928,-0.023042,0,20.009
713,1290.0,-322.4627,242.1531,11.4926,-0.04872,-0.021235,0,19.986
714,1292.0,-320.704,242.4659,9.7554,-0.010438,-0.028491,0,19.979
715,1294.0,-318.9395,242.7498,8.9711,-0.020997,-0.028356,0,20.0
716,1294.0,-317.17,243.0125,8.2918,-0.041497,0.010577,0,20.016
717,1296.0,-315.3949,243.2379,7.0002,-0.030995,0.022503,0,20.013
718,1298.0,-313.6156,243.4248,5.7689,-0.043085,0.027844,0,20.007
719,1300.0,-311.8335,243.5683,4.3218,-0.056376,0.021625,0,19.994
720,1302.0,-310.0489,243.6547,2.423,-0.024618,-0.009602,0,19.983
721,1304.0,-308.2621,243.6997,1.1984,-0.008163,-0.050386,0,19.998
722,1304.0,-306.4735,243.7257,0.7059,0.006685,-0.052916,0,20.014
723,1306.0,-304.6839,243.7506,0.7824,-0.002663,-0.045923,0,20.018
724,1308.0,-302.8946,243.7751,0.775,-0.013769,-0.019673,0,20.01
725,1310.0,-301.1062,243.7894,0.3928,-0.004567,-0.002182,0,19.998
726,1312.0,-299.3186,243.7951,0.1333,-0.000357,0.006742,0,19.993
727,1314.0,-297.531,243.7979,0.0702,0.010345,0.012783,0,19.996
728,1316.0,-295.743,243.8072,0.3332,-0.014581,0.025219,0,20.002
729,1318.0,-293.9546,243.8105,0.0578,-0.01029,0.031766,0,20.004
730,1320.0,-292.1661,243.8016,-0.352,0.003408,0.026059,0,20.005
731,1320.0,-290.3776,243.7903,-0.3746,0.00034,0.018034,0,20.003
732,1322.0,-288.5894,243.7799,-0.3373,0.002261,0.010811,0,20.0
733,1324.0,-286.8013,243.771,-0.2734,-0.003979,0.005171,0,19.999
734,1326.0,-285.0132,243.7605,-0.3541,0.007384,-0.002108,0,19.999
735,1328.0,-283.225,243.7535,-0.2005,0.004156,-0.005922,0,20.0
736,1330.0,-281.4368,243.752,-0.0194,2.5e-05,-0.004152,0,20.002
737,1332.0,-279.6483,243.7525,0.0273,-0.017522,-0.000441,0,20.002
738,1334.0,-277.8603,243.7416,-0.4257,0.048688,-0.00818,0,19.999
739,1336.0,-276.0739,243.7562,0.6479,0.000444,0.009624,0,19.977
740,1338.0,-274.2877,243.7894,1.1361,-0.03678,0.046013,0,19.988
741,1338.0,-272.5005,243.8001,0.2156,0.005788,0.059973,0,19.996
742,1340.0,-270.7119,243.8012,0.0,0.004022,0.064307,0,20.011
743,1342.0,-268.9224,243.8057,0.1439,-0.008692,0.072015,0,20.017
744,1344.0,-267.1329,243.8055,-0.0402,-0.016669,0.075038,0,20.01
745,1346.0,-265.3445,243.7908,-0.5595,0.015874,0.063565,0,19.998
746,1348.0,-263.5571,243.7798,-0.3197,0.007281,0.055797,0,19.99
747,1350.0,-261.7697,243.7791,0.0208,-0.009268,0.058282,0,19.994
748,1352.0,-259.9818,243.7754,-0.1392,-0.001974,0.05784,0,20.002
749,1354.0,-258.1931,243.7673,-0.28,-0.00786,0.052965,0,20.009
750,1354.0,-256.4043,243.7529,-0.5099,0.008487,0.041707,0,20.008
751,1356.0,-254.6157,243.7407,-0.3694,-0.005756,0.032773,0,20.002
752,1358.0,-252.8277,243.7276,-0.4382,0.004191,0.022885,0,19.997
753,1360.0,-251.0399,243.7153,-0.3827,0.028226,0.01379,0,19.996
754,1362.0,-249.2523,243.7235,0.3882,-0.009298,0.025218,0,19.994
755,1364.0,-247.4647,243.7367,0.4318,-0.032981,0.04162,0,19.998
756,1366.0,-245.6769,243.7255,-0.5005,-2.7e-05,0.033669,0,19.997
757,1368.0,-243.8889,243.7014,-0.8361,0.022842,0.012765,0,20.003
758,1370.0,-242.1005,243.6909,-0.2615,0.006081,0.005524,0,20.003
759,1370.0,-240.312,243.693,0.126,-0.005165,0.010759,0,20.004
760,1372.0,-238.5236,243.695,0.0651,-0.005879,0.015986,0,20.002
761,1374.0,-236.7353,243.6917,-0.1365,0.011703,0.01591,0,20.001
762,1376.0,-234.9472,243.6938,0.1063,0.005812,0.021296,0,19.999
763,1378.0,-233.159,243.7043,0.3728,-0.007096,0.034922,0,20.0
764,1380.0,-231.3709,243.7126,0.2527,-0.015255,0.046504,0,20.001
765,1382.0,-229.5828,243.7084,-0.2126,0.003421,0.045484,0,20.001
766,1384.0,-227.7947,243.7002,-0.2808,0.028989,0.040507,0,20.001
767,1386.0,-226.0069,243.712,0.4962,-0.003975,0.055521,0,19.996
768,1388.0,-224.2192,243.7323,0.6852,-0.03119,0.079095,0,19.997
769,1388.0,-222.4316,243.7317,-0.1468,-0.002624,0.081642,0,19.995
770,1390.0,-220.6437,243.7173,-0.5295,0.039605,0.070473,0,20.001
771,1392.0,-218.856,243.7268,0.4489,-0.010666,0.083194,0,19.994
772,1394.0,-217.0684,243.744,0.5658,-0.038967,0.103582,0,19.997
773,1396.0,-215.2809,243.7327,-0.5273,0.02789,0.095494,0,19.994
774,1398.0,-213.4937,243.7249,-0.2013,0.001318,0.090991,0,19.992
775,1400.0,-211.7057,243.7271,0.0918,-0.009616,0.096331,0,20.004
776,1402.0,-209.9168,243.7237,-0.1319,-0.007145,0.096241,0,20.012
777,1404.0,-208.1275,243.7123,-0.414,-0.012071,0.088056,0,20.012
778,1404.0,-206.3387,243.6895,-0.8061,0.01185,0.06842,0,20.005
779,1406.0,-204.5507,243.6693,-0.6238,0.009294,0.05146,0,19.997
780,1408.0,-202.7629,243.6593,-0.2687,0.002974,0.044699,0,19.995
781,1410.0,-200.975,243.6554,-0.0911,-0.008478,0.043997,0,19.999
782,1412.0,-199.1868,243.6476,-0.2767,0.038963,0.03942,0,20.004
783,1414.0,-197.3992,243.6629,0.6448,-0.020772,0.057913,0,19.993
784,1416.0,-195.6121,243.6792,0.4925,-0.020029,0.077472,0,19.989
785,1418.0,-193.8246,243.6756,-0.2161,-0.005038,0.077059,0,19.999
786,1420.0,-192.036,243.6604,-0.5592,0.04086,0.065051,0,20.01
787,1422.0,-190.2477,243.6692,0.4323,-0.013561,0.07706,0,20.0
788,1422.0,-188.4599,243.6842,0.486,-0.02184,0.09534,0,19.995
789,1424.0,-186.6721,243.681,-0.1962,-0.023294,0.09535,0,19.998
790,1426.0,-184.8842,243.6536,-1.027,0.016075,0.071153,0,20.003
791,1428.0,-183.096,243.6266,-0.8558,0.012701,0.04735,0,20.005
792,1430.0,-181.3074,243.6129,-0.3763,0.000926,0.036837,0,20.006
793,1432.0,-179.5188,243.6051,-0.2158,-0.003186,0.032245,0,20.005
794,1434.0,-177.7303,243.5964,-0.2822,-0.001384,0.026787,0,20.002
795,1436.0,-175.9421,243.5858,-0.3496,0.006551,0.019444,0,20.0
796,1438.0,-174.154,243.5791,-0.1944,0.005887,0.015934,0,20.0
797,1438.0,-172.3659,243.5788,0.0246,0.008209,0.018849,0,20.001
798,1440.0,-170.5778,243.5867,0.3019,-0.000377,0.030003,0,20.002
799,1442.0,-168.7894,243.5981,0.3785,-0.013837,0.044591,0,20.002
800,1444.0,-167.0012,243.6005,0.0191,-0.012548,0.050176,0,20.0
801,1446.0,-165.2131,243.589,-0.4473,0.00521,0.041966,0,20.0
802,1448.0,-163.425,243.5754,-0.4456,0.01855,0.031575,0,20.0
803,1450.0,-161.6369,243.5756,0.082,-0.000568,0.034962,0,19.999
804,1452.0,-159.8488,243.5826,0.2565,-0.017185,0.045186,0,20.0
805,1454.0,-158.0607,243.5788,-0.186,-0.003111,0.044334,0,20.0
806,1456.0,-156.2726,243.5665,-0.4401,-0.003755,0.034507,0,20.001
807,1456.0,-154.4843,243.5496,-0.579,0.013222,0.023867,0,20.002
808,1458.0,-152.696,243.5396,-0.2751,0.009824,0.020109,0,20.0
809,1460.0,-150.9079,243.5412,0.1123,-0.004199,0.027926,0,20.0
810,1462.0,-149.1198,243.5445,0.109,0.003532,0.037388,0,20.0
811,1464.0,-147.3317,243.5492,0.1646,0.001819,0.048279,0,20.0
812,1466.0,-145.5435,243.5565,0.246,-0.000647,0.061793,0,20.001
813,1468.0,-143.7552,243.5643,0.2493,-0.063108,0.075788,0,20.001
814,1470.0,-141.9691,243.532,-1.3149,0.018051,0.049707,0,19.972
815,1472.0,-140.1841,243.4864,-1.4921,0.042593,0.010323,0,19.977
816,1472.0,-138.3976,243.4735,-0.2464,0.011489,0.003572,0,19.993
817,1474.0,-136.6087,243.4846,0.4866,-0.009919,0.020932,0,20.019
818,1476.0,-134.8185,243.4959,0.3674,-0.017628,0.038437,0,20.026
819,1478.0,-133.0285,243.4928,-0.1839,-0.001063,0.041532,0,20.013
820,1480.0,-131.24,243.4818,-0.3946,-0.002011,0.036787,0,19.997
821,1482.0,-129.4526,243.4681,-0.4679,-0.026948,0.02926,0,19.989
822,1484.0,-127.666,243.435,-1.188,0.020705,0.002316,0,19.987
823,1486.0,-125.8791,243.4049,-0.9228,0.020466,-0.021472,0,19.993
824,1488.0,-124.091,243.3955,-0.1972,0.013805,-0.024709,0,20.006
825,1488.0,-122.3019,243.404,0.379,-0.002177,-0.010028,0,20.014
826,1490.0,-120.5127,243.4179,0.4735,-0.000538,0.010051,0,20.011
827,1492.0,-118.724,243.4317,0.4457,0.007548,0.030129,0,20.002
828,1494.0,-116.9361,243.4506,0.6364,-0.004377,0.05525,0,19.995
829,1496.0,-115.1486,243.4695,0.5982,-0.025017,0.080364,0,19.994
830,1498.0,-113.3611,243.4703,-0.0911,-0.018133,0.087301,0,19.995
831,1500.0,-111.5732,243.4488,-0.8163,0.022618,0.072038,0,20.001
832,1502.0,-109.7851,243.434,-0.4261,-0.002857,0.063474,0,20.001
833,1504.0,-107.9968,243.4249,-0.2837,-0.00512,0.060542,0,20.003
834,1506.0,-106.2084,243.4118,-0.4347,0.004456,0.053689,0,20.004
835,1506.0,-104.4199,243.4001,-0.371,0.010179,0.048118,0,20.002
836,1508.0,-102.6317,243.3966,-0.0634,0.005367,0.050892,0,20.0
837,1510.0,-100.8436,243.4009,0.1818,-0.024252,0.061403,0,20.0
838,1512.0,-99.0558,243.3917,-0.3874,0.004515,0.058362,0,19.995
839,1514.0,-97.2681,243.3764,-0.5101,0.00911,0.049293,0,19.998
840,1516.0,-95.48,243.368,-0.2399,0.00427,0.047078,0,20.002
841,1518.0,-93.6915,243.3659,-0.0346,-0.017622,0.051196,0,20.005
842,1520.0,-91.9031,243.3541,-0.4446,0.010371,0.045609,0,20.002
843,1522.0,-90.115,243.3427,-0.3495,-0.002177,0.040387,0,19.998
844,1522.0,-88.3271,243.3331,-0.311,0.005601,0.037042,0,19.998
845,1524.0,-86.539,243.3267,-0.1818,-0.00228,0.036825,0,20.0
846,1526.0,-84.7508,243.321,-0.1856,-0.00281,0.037376,0,20.002
847,1528.0,-82.9623,243.3128,-0.2791,-0.004655,0.035356,0,20.003
848,1530.0,-81.174,243.3002,-0.4302,0.010674,0.029021,0,20.002
849,1532.0,-79.3858,243.2929,-0.2007,0.001701,0.027874,0,19.999
850,1534.0,-77.5978,243.2907,-0.0511,-0.005019,0.031912,0,19.999
851,1536.0,-75.8097,243.2862,-0.1593,-0.00117,0.033605,0,20.0
852,1538.0,-74.0216,243.2792,-0.2393,0.014437,0.032824,0,20.001
853,1540.0,-72.2334,243.2812,0.1219,0.004483,0.04106,0,20.0
854,1540.0,-70.4452,243.2919,0.3839,-0.01317,0.057903,0,20.001
855,1542.0,-68.6572,243.2961,0.0942,-0.006857,0.068367,0,19.999
856,1544.0,-66.8691,243.291,-0.2147,-0.037487,0.069448,0,20.0
857,1546.0,-65.0818,243.2576,-1.2599,0.023756,0.042189,0,19.991
858,1548.0,-63.2952,243.2247,-1.0248,0.02939,0.015494,0,19.988
859,1550.0,-61.5079,243.2189,-0.0451,-0.007526,0.015961,1,19.996
860,1552.0,-59.7197,243.22,0.0655,-0.010942,0.023298,1,20.006
861,1554.0,-57.9307,243.2126,-0.2791,-0.00354,0.022046,1,20.011
862,1556.0,-56.1416,243.1987,-0.4853,0.002075,0.014326,1,20.009
863,1556.0,-54.353,243.1841,-0.4731,0.004556,0.005962,1,20.002
864,1558.0,-52.5651,243.1731,-0.3355,0.00304,0.001168,1,19.996
865,1560.0,-50.7773,243.1659,-0.209,0.000154,0.000232,1,19.996
866,1562.0,-48.9894,243.1604,-0.1716,-0.000955,0.0009,1,19.999
867,1564.0,-47.2011,243.1545,-0.1932,-0.000506,0.001188,1,20.003
868,1566.0,-45.4126,243.1479,-0.2159,0.000108,0.000835,1,20.005
869,1568.0,-43.6241,243.1412,-0.2187,0.000298,0.000342,1,20.003
870,1570.0,-41.8359,243.1347,-0.2101,0.0002,5.2e-05,1,20.0
871,1572.0,-40.0479,243.1284,-0.2019,6e-05,-2.7e-05,1,19.998
872,1574.0,-38.2599,243.1222,-0.1981,-7e-06,-3.1e-05,1,19.999
873,1574.0,-36.4718,243.116,-0.1976,-1.9e-05,-3.4e-05,1,20.0
874,1576.0,-34.6835,243.1097,-0.1981,1.6e-05,-8.2e-05,1,20.002
875,1578.0,-32.8952,243.1035,-0.1979,2.6e-05,-0.000131,1,20.002
876,1580.0,-31.107,243.0975,-0.1971,-7.8e-05,0.000111,1,20.001
877,1582.0,-29.3188,243.0913,-0.1989,-3.8e-05,0.000123,1,20.0
878,1584.0,-27.5308,243.0851,-0.2007,7e-06,0.000105,1,19.999
879,1586.0,-25.7427,243.0788,-0.2009,2.5e-05,5.6e-05,1,20.0
880,1588.0,-23.9545,243.0726,-0.2002,2.2e-05,-8e-06,1,20.0
881,1590.0,-22.1663,243.0663,-0.1994,1.4e-05,-4.8e-05,1,20.001
882,1590.0,-20.3781,243.0601,-0.1988,3.5e-05,-8.3e-05,1,20.001
883,1592.0,-18.5899,243.0539,-0.1977,-3e-05,-1e-06,1,20.0
884,1594.0,-16.8018,243.0477,-0.1981,-2.3e-05,-4e-06,1,20.0
885,1596.0,-15.0137,243.0415,-0.199,-0.004757,-5.1e-05,1,20.0
886,1598.0,-13.2256,243.0321,-0.3235,-0.014149,-0.002804,1,20.0
887,1600.0,-11.4376,243.0113,-0.74,-0.02046,-0.00802,1,19.999
888,1602.0,-9.6501,242.9708,-1.4171,-0.022178,-0.009632,1,19.998
889,1604.0,-7.8633,242.9066,-2.2072,-0.0216,-0.011809,1,19.998
890,1606.0,-6.0775,242.8177,-3.0034,-0.020762,-0.015376,1,19.999
891,1606.0,-4.293,242.7047,-3.7733,-0.020475,-0.002797,1,20.001
892,1608.0,-2.51,242.5682,-4.5273,-0.020351,-0.003953,1,20.001
893,1610.0,-0.7289,242.4083,-5.2747,-0.020502,-0.005257,1,20.0
894,1612.0,1.0498,242.2252,-6.0245,-0.011821,-0.006656,1,19.999
895,1614.0,2.8266,242.0245,-6.5509,0.00683,-0.001688,1,20.0
896,1616.0,4.6033,241.8223,-6.5041,0.0205,0.008348,1,20.001
897,1618.0,6.3816,241.6355,-5.9096,0.024954,0.009022,1,19.999
898,1620.0,8.1622,241.4734,-5.0523,0.024111,0.009791,1,19.998
899,1622.0,9.945,241.3385,-4.1639,0.022281,0.012952,1,19.998
900,1624.0,11.7297,241.2298,-3.3282,0.021282,0.017511,1,20.0
901,1624.0,13.516,241.1459,-2.5367,0.02084,0.004045,1,20.002
902,1626.0,15.3032,241.0862,-1.7676,0.021549,0.00517,1,20.001
903,1628.0,17.091,241.0508,-0.9853,0.016791,0.005819,1,20.0
904,1630.0,18.8791,241.0369,-0.3192,0.006079,0.004757,1,20.0
905,1632.0,20.6673,241.0352,0.0214,0.017033,0.002565,0,20.001
906,1634.0,22.4554,241.0489,0.5359,0.013437,0.015591,0,20.0
907,1636.0,24.2432,241.0791,1.0616,-0.002897,0.045252,0,20.0
908,1638.0,26.0311,241.1138,1.1312,-0.02896,0.079276,0,20.001
909,1640.0,27.8189,241.1288,0.3594,-0.027852,0.093685,0,19.995
910,1640.0,29.6065,241.1139,-0.6548,0.024042,0.078193,0,19.996
911,1642.0,31.394,241.1026,-0.3277,0.0087,0.066295,0,19.994
912,1644.0,33.1819,241.1048,0.1248,-0.014347,0.067848,0,20.001
913,1646.0,34.9703,241.1012,-0.1488,-0.007899,0.063694,0,20.005
914,1648.0,36.759,241.0875,-0.4941,0.005834,0.049333,0,20.006
915,1650.0,38.5476,241.0741,-0.4293,-0.004551,0.035351,0,20.003
916,1652.0,40.3358,241.0592,-0.4939,-0.006844,0.01986,0,20.0
917,1654.0,42.1236,241.0381,-0.7156,0.000312,-0.001906,0,19.998
918,1656.0,43.9115,241.0143,-0.779,0.012057,-0.026274,0,19.999
919,1658.0,45.6995,240.9984,-0.4656,0.013114,-0.042849,0,20.0
920,1658.0,47.4877,240.9959,-0.0024,0.005842,-0.045904,0,20.002
921,1660.0,49.2761,241.0032,0.2891,0.008484,-0.03927,0,20.002
922,1662.0,51.0643,241.0195,0.5771,0.004094,-0.023584,0,20.001
923,1664.0,52.8524,241.0424,0.7735,-0.014174,-0.001237,0,20.0
924,1666.0,54.6404,241.058,0.4509,-0.010867,0.013743,0,19.998
925,1668.0,56.4283,241.0611,0.0273,-0.0023,0.016195,0,19.999
926,1670.0,58.2165,241.0577,-0.1501,0.0063,0.012226,0,20.001
927,1672.0,60.0048,241.0568,-0.0154,-0.005998,0.010742,0,20.002
928,1674.0,61.7931,241.054,-0.11,0.006406,0.007336,0,20.001
929,1674.0,63.5813,241.0534,-0.0002,0.003447,0.006127,0,20.0
930,1676.0,65.3694,241.0575,0.1516,0.002373,0.009577,0,19.999
931,1678.0,67.1575,241.0648,0.2518,-0.005101,0.016251,0,20.0
932,1680.0,68.9457,241.0698,0.1448,-0.000785,0.020688,0,20.0
933,1682.0,70.7339,241.0726,0.0741,-0.005189,0.022806,0,20.001
934,1684.0,72.5221,241.0712,-0.072,-0.003796,0.020864,0,20.001
935,1686.0,74.3103,241.0651,-0.2243,0.008736,0.014147,0,20.0
936,1688.0,76.0984,241.0631,-0.0378,-0.004153,0.011549,0,19.999
937,1690.0,77.8865,241.0615,-0.0602,0.000129,0.009327,0,19.999
938,1692.0,79.6746,241.0586,-0.0943,0.007353,0.005851,0,20.0
939,1692.0,81.4628,241.0608,0.0969,-0.019328,0.007373,0,20.0
940,1694.0,83.2507,241.0527,-0.3311,0.016249,-0.001282,0,19.997
941,1696.0,85.0384,241.0484,-0.0994,0.006048,-0.00626,0,19.995
942,1698.0,86.8263,241.0537,0.2119,0.008787,-0.001501,0,19.999
943,1700.0,88.6145,241.0678,0.5105,0.013632,0.011998,0,20.003
944,1702.0,90.4028,241.0953,0.9582,-0.012181,0.038849,0,20.004
945,1704.0,92.1909,241.1205,0.7837,-0.011661,0.06347,0,20.0
946,1706.0,93.9789,241.1339,0.3647,-0.02285,0.076272,0,19.998
947,1708.0,95.7667,241.127,-0.3526,0.006055,0.068716,0,19.996
948,1708.0,97.5545,241.1144,-0.4314,0.041694,0.055468,0,19.998
949,1710.0,99.3418,241.1306,0.6924,-0.000608,0.071074,0,19.991
950,1712.0,101.1291,241.1626,1.0966,-0.06258,0.102477,0,19.997
951,1714.0,102.9155,241.1568,-0.4338,-0.004243,0.096062,0,19.978
952,1716.0,104.7021,241.1244,-1.1622,0.039946,0.063039,0,19.995
953,1718.0,106.4899,241.1141,-0.2075,1.9e-05,0.052185,0,20.002
954,1720.0,108.2788,241.1183,0.1888,-0.069132,0.055707,0,20.014
955,1722.0,110.0654,241.0783,-1.5556,0.009219,0.015146,0,19.98
956,1724.0,111.8508,241.0179,-2.0151,0.067672,-0.045891,0,19.986
957,1726.0,113.6366,241.0011,-0.2767,0.050193,-0.063251,0,19.978
958,1726.0,115.4232,241.0435,1.6882,-0.047729,-0.021492,0,20.004
959,1728.0,117.2109,241.079,1.0573,-0.031105,0.01338,0,20.001
960,1730.0,118.9999,241.0784,-0.1929,0.005415,0.012216,0,20.016
961,1732.0,120.7898,241.0682,-0.3879,0.01917,0.001395,0,20.022
962,1734.0,122.5796,241.0708,0.1471,-0.008156,0.003373,0,20.014
963,1736.0,124.3684,241.075,0.1297,-0.012994,0.006909,0,20.003
964,1738.0,126.1565,241.0681,-0.2805,0.00498,-0.000605,0,19.997
965,1740.0,127.9443,241.0594,-0.2855,0.004842,-0.009867,0,19.999
966,1742.0,129.7326,241.0551,-0.116,0.005995,-0.014723,0,20.005
967,1742.0,131.5214,241.0569,0.0918,-0.006076,-0.013552,0,20.009
968,1744.0,133.3103,241.0573,-0.0034,0.001764,-0.013815,0,20.008
969,1746.0,135.099,241.0568,-0.0153,-0.00864,-0.014899,0,20.004
970,1748.0,136.8872,241.0511,-0.2258,0.027204,-0.021223,0,19.999
971,1750.0,138.6747,241.0601,0.3923,-0.010405,-0.012834,0,19.992
972,1752.0,140.4621,241.0725,0.3901,-0.014253,-0.001059,0,19.994
973,1754.0,142.2501,241.0722,-0.0715,0.011608,-0.0019,0,20.002
974,1756.0,144.0387,241.0742,0.0823,0.001497,-0.000531,0,20.007
975,1758.0,145.8276,241.081,0.2306,-0.003337,0.005615,0,20.008
976,1758.0,147.6163,241.0864,0.1645,-0.009187,0.010387,0,20.004
977,1760.0,149.4046,241.0844,-0.1077,0.009598,0.007857,0,19.999
978,1762.0,151.1924,241.0853,0.0478,-0.005047,0.008076,0,19.996
979,1764.0,152.9803,241.086,0.0079,0.001721,0.008149,0,19.998
980,1766.0,154.7684,241.0861,0.0068,-0.000916,0.007689,0,20.002
981,1768.0,156.5569,241.0862,-0.0022,0.015084,0.007226,0,20.004
982,1770.0,158.3453,241.0962,0.3819,-0.008156,0.016576,0,20.002
983,1772.0,160.1334,241.1066,0.321,-0.010168,0.026353,0,19.999
984,1774.0,161.9214,241.1076,-0.0182,0.000639,0.026772,0,19.998
985,1776.0,163.7094,241.1049,-0.1082,0.017247,0.023447,0,20.0
986,1776.0,165.4976,241.1135,0.341,0.007753,0.031393,0,20.0
987,1778.0,167.2857,241.1339,0.7172,-0.015089,0.051257,0,20.001
988,1780.0,169.0738,241.1482,0.4123,-0.02018,0.064868,0,20.0
989,1782.0,170.8619,241.1435,-0.2595,0.012323,0.059627,0,19.999
990,1784.0,172.6497,241.1386,-0.15,0.008002,0.054115,0,19.998
991,1786.0,174.4379,241.1428,0.1716,-0.006671,0.057636,0,20.001
992,1788.0,176.2262,241.1457,0.0844,-0.004031,0.059995,0,20.002
993,1790.0,178.0146,241.1439,-0.0836,0.00445,0.057583,0,20.003
994,1792.0,179.803,241.1434,-0.0115,0.002713,0.056466,0,20.002
995,1792.0,181.5912,241.1462,0.102,-0.010121,0.058598,0,20.0
996,1794.0,183.3793,241.1433,-0.1321,-0.001124,0.055106,0,19.998
997,1796.0,185.1674,241.1358,-0.2621,0.004739,0.047071,0,19.999
998,1798.0,186.9556,241.1308,-0.1551,0.001666,0.04136,0,20.001
999,1800.0,188.7439,241.1284,-0.0646,-0.002108,0.038366,0,20.002
1000,1802.0,190.5323,241.1254,-0.1003,-0.002465,0.034791,0,20.001
1001,1804.0,192.3204,241.1201,-0.1849,0.007436,0.028898,0,20.001
1002,1806.0,194.1085,241.1188,-0.017,0.006382,0.026972,0,19.999
1003,1808.0,195.8967,241.1246,0.2233,-0.006871,0.032197,0,19.999
1004,1810.0,197.6848,241.1286,0.1125,0.000339,0.035586,0,19.999
1005,1810.0,199.4729,241.1306,0.0557,0.009712,0.036956,0,20.0
1006,1812.0,201.261,241.1391,0.3088,0.002415,0.044826,0,20.001
1007,1814.0,203.0491,241.153,0.47,-0.016877,0.058113,0,20.001
1008,1816.0,204.8373,241.1569,0.0608,-0.001726,0.061407,0,19.998
1009,1818.0,206.6254,241.1533,-0.1528,0.010422,0.057175,0,19.999
1010,1820.0,208.4135,241.1552,0.0923,-0.006555,0.05853,0,20.0
1011,1822.0,210.2016,241.1565,0.025,-0.009259,0.059194,0,20.001
1012,1824.0,211.9898,241.1493,-0.2772,0.000435,0.051381,0,20.001
1013,1826.0,213.7779,241.1387,-0.3626,0.010251,0.040147,0,20.001
1014,1826.0,215.566,241.1346,-0.0963,-0.001197,0.035398,0,20.0
1015,1828.0,217.3541,241.1335,-0.0241,-0.005159,0.033701,0,20.0
1016,1830.0,219.1423,241.1289,-0.1653,-0.005912,0.028559,0,20.0
1017,1832.0,220.9304,241.1185,-0.3721,0.002071,0.017489,0,20.0
1018,1834.0,222.7185,241.1068,-0.3806,0.01422,0.005233,0,20.001
1019,1836.0,224.5066,241.1052,0.0071,-0.006662,0.002955,0,19.999
1020,1838.0,226.2948,241.1047,-0.0222,-0.004732,0.001869,0,19.999
1021,1840.0,228.0829,241.099,-0.2053,0.00336,-0.004467,0,20.0
1022,1842.0,229.871,241.0937,-0.1686,0.00693,-0.010345,0,20.001
1023,1844.0,231.6591,241.0941,0.0435,-3.3e-05,-0.010601,0,20.001
1024,1844.0,233.4473,241.0973,0.1144,-0.005623,-0.007996,0,20.001
1025,1846.0,235.2354,241.097,-0.0288,-0.002424,-0.008815,0,20.0
1026,1848.0,237.0235,241.0931,-0.1488,0.002454,-0.013381,0,20.0
1027,1850.0,238.8116,241.0896,-0.1123,-0.005246,-0.017503,0,20.0
1028,1852.0,240.5998,241.0833,-0.226,-0.000635,-0.024405,0,20.0
1029,1854.0,242.3879,241.0745,-0.2944,-0.00586,-0.033808,0,20.0
1030,1856.0,244.176,241.0612,-0.4566,0.015549,-0.047697,0,20.0
1031,1858.0,245.9641,241.056,-0.1119,0.02989,-0.053504,0,19.998
1032,1860.0,247.7516,241.0767,0.816,-0.010948,-0.033391,0,19.994
1033,1860.0,249.5391,241.1025,0.8397,-0.028761,-0.008248,0,19.995
1034,1862.0,251.3268,241.1064,0.0005,0.002215,-0.004971,0,19.996
1035,1864.0,253.1149,241.1005,-0.2354,0.009565,-0.011455,0,20.003
1036,1866.0,254.9035,241.1004,0.0205,0.001322,-0.012149,0,20.006
1037,1868.0,256.6922,241.1046,0.1519,-0.014578,-0.008613,0,20.005
1038,1870.0,258.4806,241.0999,-0.2089,0.009305,-0.013942,0,20.0
1039,1872.0,260.2685,241.0959,-0.1125,0.002782,-0.018526,0,19.996
1040,1874.0,262.0563,241.0968,0.0463,0.004703,-0.018191,0,19.998
1041,1876.0,263.8444,241.1022,0.2018,-0.004228,-0.013419,0,20.001
1042,1878.0,265.6328,241.1069,0.1408,0.011802,-0.00931,0,20.003
1043,1878.0,267.4211,241.1182,0.4082,0.006667,0.001366,0,20.002
1044,1880.0,269.2093,241.1386,0.6993,-0.010149,0.021178,0,20.001
1045,1882.0,270.9974,241.1553,0.5085,-0.005936,0.037257,0,19.998
1046,1884.0,272.7855,241.1646,0.2552,-0.023333,0.045874,0,19.999
1047,1886.0,274.5734,241.1554,-0.416,0.016152,0.03609,0,19.997
1048,1888.0,276.3612,241.1474,-0.2346,0.00999,0.027465,0,19.996
1049,1890.0,278.1492,241.1512,0.1757,-0.002646,0.030666,0,20.001
1050,1892.0,279.9376,241.1575,0.2155,0.003094,0.036379,0,20.004
1051,1894.0,281.726,241.1656,0.2755,-0.001294,0.043858,0,20.005
1052,1894.0,283.5144,241.1742,0.272,-0.001445,0.051865,0,20.002
1053,1896.0,285.3026,241.1814,0.2227,-0.010398,0.058484,0,19.999
1054,1898.0,287.0905,241.181,-0.0635,0.000667,0.057473,0,19.997
1055,1900.0,288.8785,241.1769,-0.1519,-0.004162,0.052696,0,19.999
1056,1902.0,290.6666,241.1697,-0.2596,0.000709,0.044893,0,20.001
1057,1904.0,292.4549,241.161,-0.2832,-0.003366,0.035642,0,20.002
1058,1906.0,294.2433,241.1502,-0.3663,0.012443,0.024222,0,20.002
1059,1908.0,296.0315,241.1464,-0.076,0.008375,0.019842,0,19.999
1060,1910.0,297.8196,241.153,0.2662,-0.005556,0.025805,0,19.999
1061,1910.0,299.6077,241.1598,0.2125,-0.005555,0.031951,0,19.999
1062,1912.0,301.3958,241.1612,0.0163,0.006104,0.032725,0,20.0
1063,1914.0,303.184,241.1644,0.1167,0.001139,0.035396,0,20.001
1064,1916.0,304.9721,241.1706,0.205,-0.009013,0.040928,0,20.001
1065,1918.0,306.7602,241.1712,-0.0153,0.000312,0.040939,0,20.0
1066,1920.0,308.5483,241.1687,-0.0974,-0.001094,0.037807,0,20.0
1067,1922.0,310.3365,241.1651,-0.1277,0.000492,0.033608,0,20.0
1068,1924.0,312.1246,241.1612,-0.1261,0.004132,0.029149,0,20.0
1069,1926.0,313.9127,241.1603,-0.0138,-0.001872,0.027619,0,20.001
1070,1928.0,315.7008,241.1598,-0.0207,-0.002418,0.026434,0,20.0
1071,1928.0,317.489,241.157,-0.1005,-0.001185,0.023118,0,20.0
1072,1930.0,319.2771,241.1526,-0.1569,0.002714,0.018026,0,20.0
1073,1932.0,321.0652,241.1493,-0.0994,0.00373,0.014132,0,20.0
1074,1934.0,322.8533,241.1494,0.0248,-0.005671,0.013687,0,20.0
1075,1936.0,324.6414,241.1474,-0.084,-0.002663,0.011042,0,20.0
1076,1938.0,326.4296,241.1415,-0.2088,0.001935,0.004554,0,20.0
1077,1940.0,328.2177,241.1357,-0.1882,-0.000788,-0.001889,0,20.0
1078,1942.0,330.0059,241.1299,-0.1909,-0.000598,-0.008306,0,20.0
1079,1944.0,331.794,241.1234,-0.2135,0.011149,-0.0154,0,20.0
1080,1944.0,333.5821,241.1242,0.0705,-0.001463,-0.015221,0,19.999
1081,1946.0,335.3702,241.1284,0.1446,-0.003063,-0.011669,0,19.999
1082,1948.0,337.1584,241.1304,0.0558,-0.006993,-0.010219,0,20.0
1083,1950.0,338.9465,241.1267,-0.1581,0.019176,-0.014545,0,20.001
1084,1952.0,340.7346,241.133,0.2678,0.006378,-0.008887,0,19.997
1085,1954.0,342.5227,241.1508,0.6235,-0.013336,0.008291,0,19.999
1086,1956.0,344.3108,241.1628,0.351,-0.014945,0.019744,0,19.999
1087,1958.0,346.0989,241.1602,-0.1685,0.011114,0.016554,0,20.0
1088,1960.0,347.8871,241.1587,-0.0368,0.001944,0.014414,0,20.0
1089,1962.0,349.6752,241.1619,0.1176,0.000251,0.017028,0,20.001
1090,1962.0,351.4633,241.1663,0.1494,-0.008563,0.020807,0,20.001
1091,1964.0,353.2514,241.1653,-0.07,0.001484,0.019195,0,20.0
1092,1966.0,355.0396,241.162,-0.1175,0.007868,0.015254,0,20.0
1093,1968.0,356.8277,241.1642,0.0981,0.000345,0.016822,0,20.0
1094,1970.0,358.6158,241.1696,0.1871,-0.006479,0.02161,0,20.0
1095,1972.0,360.4039,241.1711,0.0259,0.0061,0.022553,0,20.0
1096,1974.0,362.192,241.1744,0.12,0.001275,0.025219,0,20.0
1097,1976.0,363.9802,241.1807,0.2115,0.002857,0.030872,0,20.0
1098,1978.0,365.7683,241.1896,0.3022,0.002863,0.039174,0,20.0
1099,1978.0,367.5564,241.2017,0.4068,-0.001438,0.050737,0,20.0
1100,1980.0,369.3446,241.2142,0.3998,-0.01254,0.06262,0,20.0
1101,1982.0,371.1327,241.2179,0.0603,-0.005168,0.065657,0,19.999
1102,1984.0,372.9208,241.2131,-0.2019,-0.001434,0.060293,0,20.0
1103,1986.0,374.7089,241.2046,-0.2986,0.012612,0.051196,0,20.001
1104,1988.0,376.4971,241.2036,0.0121,-0.00216,0.049559,0,20.0
1105,1990.0,378.2852,241.2059,0.082,-0.001272,0.051201,0,20.0
1106,1992.0,380.0733,241.207,0.0338,-0.004052,0.051734,0,20.0
1107,1994.0,381.8615,241.205,-0.0857,0.003872,0.049167,0,20.001
1108,1996.0,383.6496,241.204,-0.0263,0.011186,0.047523,0,20.0
1109,1996.0,385.4377,241.2119,0.3021,-0.016601,0.054751,0,20.0
1110,1998.0,387.2258,241.2131,-0.0146,-0.00012,0.055397,0,19.997
1111,2000.0,389.0139,241.2082,-0.1789,0.006029,0.049855,0,19.999
1112,2002.0,390.8021,241.2068,-0.0314,0.002985,0.047852,0,20.001
1113,2004.0,392.5902,241.2095,0.107,-0.002713,0.04997,0,20.003
1114,2006.0,394.3783,241.2119,0.0696,-0.007729,0.051706,0,20.002
1115,2008.0,396.1664,241.2081,-0.1577,0.009708,0.047353,0,20.0
1116,2010.0,397.9546,241.2078,0.0158,0.002954,0.04646,0,19.998
1117,2012.0,399.7427,241.213,0.1867,-0.002216,0.051054,0,19.998
1118,2012.0,401.5308,241.2181,0.1638,-0.010665,0.055552,0,20.0
1119,2014.0,403.3189,241.2155,-0.1347,0.010809,0.052314,0,20.001
1120,2016.0,405.1071,241.2159,0.038,-0.007802,0.052051,0,20.0
1121,2018.0,406.8952,241.2148,-0.0621,-0.004048,0.05034,0,19.999
1122,2020.0,408.6833,241.2081,-0.2412,0.001488,0.043071,0,20.0
1123,2022.0,410.4714,241.2006,-0.2472,-0.005597,0.034996,0,20.001
1124,2024.0,412.2596,241.1896,-0.3807,0.002313,0.023378,0,20.001
1125,2026.0,414.0477,241.178,-0.3762,0.003185,0.011109,0,20.001
1126,2028.0,415.8358,241.1691,-0.2726,0.001717,0.001614,0,20.0
1127,2028.0,417.6239,241.1626,-0.1944,0.004606,-0.005439,0,20.0
1128,2030.0,419.412,241.1602,-0.055,0.008012,-0.008494,0,20.0
1129,2032.0,421.2002,241.1651,0.2017,-0.011971,-0.00416,0,20.0
1130,2034.0,422.9883,241.1655,-0.0266,-0.00319,-0.004412,0,19.999
1131,2036.0,424.7764,241.1595,-0.2262,-0.008356,-0.011068,0,20.0
1132,2038.0,426.5646,241.146,-0.4827,0.012609,-0.025126,0,20.001
1133,2040.0,428.3527,241.1374,-0.241,0.011209,-0.034345,0,20.0
1134,2042.0,430.1408,241.1409,0.1737,-0.002261,-0.031449,0,20.0
1135,2044.0,431.9289,241.1477,0.2345,-0.005953,-0.025273,0,20.0
1136,2046.0,433.7171,241.1504,0.0627,0.027062,-0.023224,0,20.001
1137,2046.0,435.5048,241.169,0.7029,-0.014105,-0.005193,0,19.995
1138,2048.0,437.2923,241.1885,0.605,-0.01602,0.013703,0,19.993
1139,2050.0,439.0801,241.1928,0.0604,-0.013575,0.017422,0,19.999
1140,2052.0,440.8683,241.1815,-0.4615,0.010865,0.005504,0,20.005
1141,2054.0,442.657,241.1711,-0.3246,0.0232,-0.005488,0,20.005
1142,2056.0,444.4453,241.1796,0.3795,-0.004773,0.002382,0,20.0
1143,2058.0,446.2335,241.1943,0.4941,-0.02676,0.016431,0,19.998
1144,2060.0,448.021,241.1904,-0.2351,0.000377,0.011907,0,19.993
1145,2062.0,449.8087,241.1764,-0.4959,0.023187,-0.002634,0,19.998
1146,2062.0,451.5968,241.1769,0.0951,0.007616,-0.002774,0,20.0
1147,2064.0,453.3851,241.1911,0.5265,-0.005887,0.010848,0,20.005
1148,2066.0,455.1738,241.2055,0.4625,-0.016634,0.024627,0,20.005
1149,2068.0,456.9622,241.2072,-0.0249,0.005479,0.025687,0,20.001
1150,2070.0,458.7503,241.2059,-0.0526,0.007505,0.023777,0,19.998
1151,2072.0,460.5385,241.2109,0.1893,-0.010332,0.028213,0,19.999
1152,2074.0,462.3266,241.2119,-0.0017,0.004983,0.028543,0,19.999
1153,2076.0,464.1147,241.2126,0.0283,-0.000766,0.028618,0,20.001
1154,2078.0,465.9028,241.2143,0.0533,0.002741,0.029774,0,20.003
1155,2080.0,467.691,241.2177,0.1195,0.002918,0.032541,0,20.002
1156,2080.0,469.4791,241.2242,0.2232,0.00031,0.038425,0,20.001
1157,2082.0,471.2672,241.2322,0.2624,-0.001724,0.045801,0,20.0
1158,2084.0,473.0553,241.2393,0.2222,-0.006742,0.052343,0,19.999
1159,2086.0,474.8435,241.2413,0.0291,-0.00866,0.053743,0,20.0
1160,2088.0,476.6316,241.2347,-0.2659,0.008544,0.046461,0,20.0
1161,2090.0,478.4197,241.23,-0.1344,0.004384,0.041193,0,20.0
1162,2092.0,480.2079,241.2312,0.0615,-0.002191,0.041739,0,20.001
1163,2094.0,481.996,241.2328,0.0529,-0.008174,0.042738,0,20.001
1164,2096.0,483.7841,241.2284,-0.1798,0.005824,0.037734,0,20.0
1165,2096.0,485.5722,241.2246,-0.1115,-0.006184,0.033352,0,20.0
1166,2098.0,487.3604,241.2186,-0.2185,0.002198,0.02668,0,19.999
1167,2100.0,489.1485,241.2117,-0.2207,0.008495,0.019215,0,20.0
1168,2102.0,490.9366,241.2112,0.0199,0.003676,0.018069,0,20.0
1169,2104.0,492.7247,241.2165,0.2028,-0.000867,0.022839,0,20.001
1170,2106.0,494.5128,241.2233,0.2221,-0.000898,0.02897,0,20.001
1171,2108.0,496.301,241.2294,0.1921,-0.002913,0.034457,0,20.0
1172,2110.0,498.0891,241.2333,0.1066,0.005987,0.037752,0,20.0
1173,2112.0,499.8772,241.24,0.2329,-0.009022,0.043852,0,20.0
1174,2114.0,501.6653,241.2428,0.0566,6.8e-05,0.046015,0,19.999
1175,2114.0,503.4535,241.2423,-0.0297,-0.000244,0.044928,0,20.0
1176,2116.0,505.2416,241.2413,-0.0401,-0.001533,0.043342,0,20.001
1177,2118.0,507.0297,241.2391,-0.0829,-0.009345,0.040496,0,20.001
1178,2120.0,508.8178,241.2298,-0.3422,0.004703,0.03065,0,20.0
1179,2122.0,510.606,241.22,-0.3148,0.003699,0.020194,0,19.999
1180,2124.0,512.3941,241.214,-0.1758,-0.009505,0.013614,0,20.0
1181,2126.0,514.1822,241.2031,-0.3839,0.008839,0.002121,0,19.999
1182,2128.0,515.9703,241.1947,-0.2473,0.006222,-0.006916,0,19.999
1183,2130.0,517.7585,241.1936,-0.0006,-0.004243,-0.00865,0,20.0
1184,2130.0,519.5466,241.1924,-0.044,-0.003376,-0.010502,0,20.001
1185,2132.0,521.3347,241.1876,-0.1714,0.015121,-0.015822,0,20.001
1186,2134.0,523.1229,241.1917,0.1858,-0.00247,-0.012377,0,19.999
1187,2136.0,524.9109,241.1998,0.2719,-0.004625,-0.004841,0,19.999
1188,2138.0,526.6991,241.2045,0.1342,-0.002649,-0.000742,0,20.0
1189,2140.0,528.4872,241.2058,0.0174,0.016957,-0.000105,0,20.001
1190,2142.0,530.2753,241.2172,0.429,-0.000107,0.010664,0,19.999
1191,2144.0,532.0635,241.235,0.5956,-0.012996,0.027838,0,20.0
1192,2146.0,533.8516,241.2448,0.2652,-0.004976,0.037055,0,19.999
1193,2148.0,535.6397,241.2463,0.0046,-0.00217,0.037982,0,20.001
1194,2148.0,537.4279,241.2438,-0.1095,0.002552,0.034881,0,20.002
1195,2150.0,539.2159,241.2417,-0.068,-0.000734,0.032151,0,20.002
1196,2152.0,541.0041,241.2399,-0.0627,-0.012805,0.029717,0,20.001
1197,2154.0,542.7922,241.2292,-0.4024,0.011957,0.018376,0,19.998
1198,2156.0,544.5803,241.2214,-0.2206,0.011679,0.010041,0,19.997
1199,2158.0,546.3685,241.2257,0.1974,0.000308,0.013682,0,19.999
1200,2160.0,548.1566,241.2352,0.3295,-0.014283,0.022546,0,20.002
1201,2162.0,549.9447,241.2358,-0.0325,0.007597,0.022588,0,20.001
1202,2164.0,551.7328,241.2363,0.0221,0.007993,0.022425,0,20.0
1203,2164.0,553.5209,241.2445,0.2996,0.000581,0.03005,0,20.0
1204,2166.0,555.3091,241.2563,0.3993,-0.005957,0.0413,0,20.0
1205,2168.0,557.0972,241.2649,0.2543,-0.015263,0.049262,0,20.0
1206,2170.0,558.8853,241.261,-0.2026,0.006019,0.044772,0,19.999
1207,2172.0,560.6735,241.255,-0.2027,0.003388,0.038085,0,19.999
1208,2174.0,562.4616,241.2527,-0.0619,0.002356,0.035182,0,20.0
1209,2176.0,564.2497,241.2533,0.0367,0.001179,0.035179,0,20.001
1210,2178.0,566.0378,241.2559,0.0934,0.007337,0.037154,0,20.001
1211,2180.0,567.826,241.2641,0.2982,-0.005705,0.044785,0,20.0
1212,2180.0,569.6141,241.2715,0.2242,-0.015727,0.051571,0,19.999
1213,2182.0,571.4022,241.2665,-0.2387,0.010165,0.045922,0,19.998
1214,2184.0,573.1904,241.2619,-0.1353,-0.005962,0.040731,0,19.998
1215,2186.0,574.9785,241.2565,-0.1971,0.003835,0.034718,0,20.0
1216,2188.0,576.7666,241.2514,-0.1522,0.001746,0.029066,0,20.002
1217,2190.0,578.5547,241.2489,-0.0707,0.001258,0.025965,0,20.003
1218,2192.0,580.3428,241.2481,-0.0182,-0.000238,0.024494,0,20.002
1219,2194.0,582.131,241.2478,-0.0106,-0.00185,0.023608,0,20.0
1220,2196.0,583.9191,241.2462,-0.0606,0.001058,0.021422,0,19.999
1221,2198.0,585.7072,241.2446,-0.0518,-0.001041,0.019221,0,19.999
1222,2198.0,587.4954,241.2427,-0.0692,0.033685,0.016654,0,20.0
1223,2200.0,589.2828,241.2629,0.7917,-0.020004,0.036279,0,19.992
1224,2202.0,591.0697,241.2829,0.6105,-0.0286,0.055649,0,19.989
1225,2204.0,592.8572,241.2775,-0.3139,0.0284,0.049588,0,19.995
1226,2206.0,594.6447,241.2794,0.1237,-0.012337,0.050928,0,19.996
1227,2208.0,596.4327,241.2826,0.0718,-0.016666,0.053503,0,20.002
1228,2210.0,598.2214,241.2703,-0.4721,-0.023961,0.038062,0,20.007
1229,2212.0,600.0099,241.2352,-1.2684,-0.019893,4.1e-05,0,20.006
1230,2214.0,601.7974,241.1762,-2.0363,-0.004832,-0.029854,0,20.003
1231,2214.0,603.5844,241.1045,-2.3766,-0.037059,-0.014053,0,20.001
1232,2216.0,605.369,241.0046,-3.3951,-0.020141,-0.012573,0,19.99
1233,2218.0,607.1519,240.8758,-4.293,-0.024377,-0.006502,0,19.996
1234,2220.0,608.9332,240.7207,-5.1491,-0.036192,0.006705,0,20.003
1235,2222.0,610.7113,240.53,-6.3431,-0.044822,0.017681,0,20.003
1236,2224.0,612.4836,240.2938,-7.877,-0.034736,0.016215,0,19.997
1237,2226.0,614.2496,240.0146,-9.2449,-0.025787,0.004861,0,19.999
1238,2228.0,616.0103,239.7018,-10.2882,-0.022461,-0.007065,0,20.003
1239,2228.0,617.7662,239.3613,-11.1517,-0.037018,0.010585,0,20.005
1240,2230.0,619.5145,238.9858,-12.3508,-0.043528,0.007194,0,19.998
1241,2232.0,621.252,238.566,-13.8588,-0.031772,-0.008192,0,19.993
1242,2234.0,622.9795,238.1066,-15.138,0.00936,-0.031039,0,19.998
1243,2236.0,624.7053,237.6382,-15.2381,-0.024295,-0.029506,0,20.004
1244,2238.0,626.4271,237.1552,-15.7928,-0.022899,-0.009639,0,20.002
1245,2240.0,628.142,236.6477,-16.6282,-0.026266,0.018367,0,20.003
1246,2242.0,629.8486,236.1136,-17.5534,-0.050006,0.051902,0,20.001
1247,2242.0,631.5403,235.5366,-19.1187,-0.075018,0.096899,0,19.989
1248,2244.0,633.2061,234.8933,-21.5501,-0.014916,0.086255,0,19.972
1249,2246.0,634.8571,234.2103,-22.7085,-0.009519,0.066619,0,19.997
1250,2248.0,636.5038,233.5107,-23.1491,-0.004425,0.0634,0,20.02
1251,2250.0,638.1481,232.8021,-23.3719,-0.044303,0.084551,0,20.026
1252,2252.0,639.7782,232.0647,-24.5571,-0.064955,0.104472,0,20.0
1253,2254.0,641.3796,231.2732,-26.6676,-0.048577,0.094143,0,19.971
1254,2256.0,642.9528,230.4286,-28.588,-0.113716,0.103409,0,19.979
1255,2256.0,644.4764,229.5028,-31.9142,-0.071985,0.172207,0,19.939
1256,2258.0,645.9496,228.4958,-34.8917,-0.09281,0.176633,0,19.988
1257,2260.0,647.3692,227.4096,-38.0299,-0.098028,0.169259,0,20.01
1258,2262.0,648.7225,226.2403,-41.4827,-0.067379,0.139528,0,20.012
1259,2264.0,650.0166,225.004,-44.2316,-0.066627,0.104797,0,20.024
1260,2266.0,651.2559,223.7129,-46.6688,-0.080265,0.077058,0,20.014
1261,2266.0,652.431,222.3661,-49.4223,-0.094463,0.108837,0,19.987
1262,2268.0,653.5286,220.9585,-52.6566,-0.060846,0.084104,0,19.965
1263,2270.0,654.5608,219.5007,-55.1941,-0.069031,0.060968,0,19.997
1264,2272.0,655.5312,217.9983,-57.6231,-0.022262,0.046138,0,20.017
1265,2274.0,656.4631,216.4688,-58.9242,-0.122874,0.06886,0,20.04
1266,2276.0,657.3167,214.9004,-62.0793,-0.064298,0.088167,0,19.943
1267,2278.0,658.0867,213.2915,-64.9281,-0.105933,0.098518,0,19.967
1268,2278.0,658.7652,211.6415,-68.3008,-0.117407,0.159759,0,19.969
1269,2280.0,659.3286,209.9478,-72.3447,-0.061489,0.132387,0,19.985
1270,2282.0,659.8044,208.2224,-75.133,-0.065258,0.096188,0,20.047
1271,2284.0,660.2078,206.4755,-77.4909,-0.048079,0.069266,0,20.057
1272,2286.0,660.5487,204.7157,-79.4221,-0.083746,0.063349,0,20.038
1273,2288.0,660.811,202.9473,-82.0773,-0.133458,0.062771,0,19.975
